wikipedia_movie_ID,movie_box_office_revenue,movie_runtime,movie_genres,year_released,treatment_ethnicity,treatment_female,num_languages,num_countries
4744645,6055299.3968182495,123.0,"{'/m/01jfsb': 'Thriller', '/m/02n4kr': 'Mystery', '/m/07s9rl0': 'Drama', '/m/09blyk': 'Psychological thriller', '/m/060__y': 'Film adaptation'}",1999.0,0,0,1,1
12940547,6676051.045856894,79.0,"{'/m/01jfsb': 'Thriller', '/m/06n90': 'Science Fiction', '/m/03k9fj': 'Adventure', '/m/01zhp': 'Computer Animation', '/m/0hcr': 'Animation', '/m/02n4kr': 'Mystery', '/m/0hc1z': 'Apocalyptic and post-apocalyptic fiction', '/m/01hmnh': 'Fantasy', '/m/02kdv5l': 'Action'}",2009.0,1,0,1,1
535969,4876045.505444506,91.0,"{'/m/0556j8': 'Buddy film', '/m/03k9fj': 'Adventure', '/m/0hj3myq': ""Children's/Family"", '/m/0hj3mtj': 'Animal Picture', '/m/0hj3msd': 'Adventure Comedy', '/m/01z4y': 'Comedy', '/m/0hqxf': 'Family Film', '/m/0hj3n26': 'Family-Oriented Adventure'}",1998.0,0,0,1,1
28370864,5259199.7095511025,84.0,"{'/m/03btsm8': 'Action/Adventure', '/m/0lsxr': 'Crime Fiction', '/m/02kdv5l': 'Action', '/m/01z4y': 'Comedy', '/m/03k9fj': 'Adventure'}",2011.0,1,0,3,3
1619410,1537102.2545663347,85.0,"{'/m/03btsm8': 'Action/Adventure', '/m/02kdv5l': 'Action', '/m/0hj3l_y': 'Action Comedy', '/m/01z4y': 'Comedy', '/m/09q17': 'Slapstick'}",1995.0,0,0,1,1
4848263,479694.64114753425,89.0,"{'/m/01jfsb': 'Thriller', '/m/01hmnh': 'Fantasy', '/m/02kdv5l': 'Action', '/m/03npn': 'Horror'}",2006.0,1,0,1,3
565318,24703736.63038699,130.0,"{'/m/07s2s': 'Time travel', '/m/06n90': 'Science Fiction', '/m/02kdv5l': 'Action', '/m/03k9fj': 'Adventure'}",1998.0,1,0,1,2
842825,4111880.2063634996,87.0,"{'/m/06n90': 'Science Fiction', '/m/03k9fj': 'Adventure', '/m/0hj3myq': ""Children's/Family"", '/m/0hcr': 'Animation', '/m/01hmnh': 'Fantasy', '/m/0hj3myc': ""Children's Fantasy"", '/m/0hqxf': 'Family Film', '/m/02kdv5l': 'Action'}",1999.0,1,0,1,1
4734122,120428.69327928312,86.0,"{'/m/01jfsb': 'Thriller', '/m/02wtdps': 'Crime Thriller', '/m/09blyk': 'Psychological thriller', '/m/03q4nz': 'World cinema'}",2005.0,0,0,2,1
2918858,6996751.959377,99.0,"{'/m/01jfsb': 'Thriller', '/m/03btsm8': 'Action/Adventure', '/m/02kdv5l': 'Action', '/m/03npn': 'Horror', '/m/0fdjb': 'Supernatural'}",2005.0,0,0,1,1
770348,670306.4757969301,101.0,"{'/m/068d7h': 'Romantic drama', '/m/04xvlr': 'Period piece', '/m/0hj3nbk': 'Marriage Drama', '/m/07s9rl0': 'Drama', '/m/02l7c8': 'Romance Film'}",1994.0,0,0,1,1
27383563,17584945.93232908,118.0,"{'/m/06n90': 'Science Fiction', '/m/02kdv5l': 'Action'}",2012.0,0,0,1,1
897540,3218684.532175121,117.0,"{'/m/07s9rl0': 'Drama', '/m/06n90': 'Science Fiction', '/m/01hmnh': 'Fantasy', '/m/01z4y': 'Comedy'}",2002.0,0,1,1,1
935425,102209.68559846382,139.0,"{'/m/01lrrt': 'Melodrama', '/m/0219x_': 'Indie', '/m/03q4nz': 'World cinema', '/m/0424mc': 'Experimental film', '/m/04xvlr': 'Period piece', '/m/07s9rl0': 'Drama', '/m/0k345': 'Avant-garde'}",2005.0,0,0,1,11
6238106,5003602.333418674,104.0,"{'/m/03k9fj': 'Adventure', '/m/04228s': 'Road movie', '/m/01t_vv': 'Comedy-drama', '/m/07s9rl0': 'Drama', '/m/01z4y': 'Comedy', '/m/0219x_': 'Indie'}",2007.0,1,0,5,1
1602075,98588.40455531453,125.0,"{'/m/04xvh5': 'Costume drama', '/m/04xvlr': 'Period piece', '/m/07s9rl0': 'Drama', '/m/082gq': 'War film'}",1985.0,1,0,1,3
3943470,215247.17054510672,116.0,"{'/m/06cvj': 'Romantic comedy', '/m/02l7c8': 'Romance Film', '/m/06qm3': 'Screwball comedy', '/m/01z4y': 'Comedy'}",1996.0,1,0,2,2
25588749,12536.885411930058,82.0,{'/m/03npn': 'Horror'},2006.0,1,0,2,3
2004939,6299390.496506966,118.0,"{'/m/01z02hx': 'Sports', '/m/04xvlr': 'Period piece', '/m/07s9rl0': 'Drama', '/m/01f9r0': 'Docudrama'}",2006.0,0,0,1,1
6264910,2853544.0747411074,116.0,"{'/m/06cvj': 'Romantic comedy', '/m/04xvlr': 'Period piece', '/m/01hmnh': 'Fantasy', '/m/01z4y': 'Comedy', '/m/07s9rl0': 'Drama', '/m/068d7h': 'Romantic drama', '/m/02l7c8': 'Romance Film'}",1999.0,1,0,1,1
4103051,880244.719110413,167.0,"{'/m/068d7h': 'Romantic drama', '/m/02l7c8': 'Romance Film', '/m/07s9rl0': 'Drama', '/m/03q4nz': 'World cinema'}",2006.0,1,0,1,1
142456,41627959.75573667,126.0,"{'/m/07s9rl0': 'Drama', '/m/068d7h': 'Romantic drama', '/m/02l7c8': 'Romance Film', '/m/01j1n2': 'Coming of age', '/m/0219x_': 'Indie'}",1997.0,1,0,1,1
698242,34396000.0742182,124.0,"{'/m/0lsxr': 'Crime Fiction', '/m/01jfsb': 'Thriller', '/m/03npn': 'Horror', '/m/09blyk': 'Psychological thriller', '/m/02n4kr': 'Mystery', '/m/07s9rl0': 'Drama', '/m/0c3351': 'Suspense', '/m/02wtdps': 'Crime Thriller', '/m/01585b': 'Slasher'}",2002.0,1,0,2,2
8514531,2794055.181383487,114.0,"{'/m/01jfsb': 'Thriller', '/m/0lsxr': 'Crime Fiction', '/m/03btsm8': 'Action/Adventure', '/m/02n4kr': 'Mystery', '/m/07s9rl0': 'Drama', '/m/02kdv5l': 'Action'}",1996.0,0,0,1,1
43566,36378282.13288854,170.0,"{'/m/01jfsb': 'Thriller', '/m/0lsxr': 'Crime Fiction', '/m/04btyz': 'Heist', '/m/09blyk': 'Psychological thriller', '/m/03btsm8': 'Action/Adventure', '/m/07s9rl0': 'Drama', '/m/02wtdps': 'Crime Thriller', '/m/02kdv5l': 'Action'}",1995.0,1,0,2,1
4726,98136416.46114545,126.0,"{'/m/0lsxr': 'Crime Fiction', '/m/01jfsb': 'Thriller', '/m/04pbhw': 'Superhero movie', '/m/03btsm8': 'Action/Adventure', '/m/07s9rl0': 'Drama', '/m/02kdv5l': 'Action'}",1989.0,1,0,2,2
1006812,2116443.6257917136,107.0,"{'/m/06cvj': 'Romantic comedy', '/m/02l7c8': 'Romance Film', '/m/0hqxf': 'Family Film', '/m/03p5xs': 'Comedy of manners', '/m/01z4y': 'Comedy'}",1997.0,0,0,1,1
5646653,1834750.9905336697,88.0,"{'/m/06n90': 'Science Fiction', '/m/02kdv5l': 'Action', '/m/01hmnh': 'Fantasy', '/m/03k9fj': 'Adventure'}",2006.0,0,0,1,1
957359,72325118.10175075,125.0,"{'/m/01jfsb': 'Thriller', '/m/0g092b': 'Monster movie', '/m/03npn': 'Horror', '/m/03k9fj': 'Adventure', '/m/0fdjb': 'Supernatural', '/m/04xvh5': 'Costume drama', '/m/0hj3m_6': 'Costume Adventure', '/m/0hj3m_q': 'Creature Film', '/m/03btsm8': 'Action/Adventure', '/m/01hmnh': 'Fantasy', '/m/0hj3msd': 'Adventure Comedy', '/m/02kdv5l': 'Action'}",2001.0,1,0,2,1
932407,1323085.2378011118,121.0,"{'/m/04rlf': 'Music', '/m/04t36': 'Musical', '/m/017fp': 'Biography', '/m/07s9rl0': 'Drama'}",2004.0,1,0,1,3
4317405,22486.826601598994,107.0,"{'/m/01jfsb': 'Thriller', '/m/0lsxr': 'Crime Fiction', '/m/09blyk': 'Psychological thriller', '/m/07s9rl0': 'Drama', '/m/02wtdps': 'Crime Thriller', '/m/02kdv5l': 'Action'}",1997.0,1,0,1,1
11222156,20716916.443143953,98.0,"{'/m/068d7h': 'Romantic drama', '/m/04t36': 'Musical', '/m/07s9rl0': 'Drama', '/m/02l7c8': 'Romance Film', '/m/04dn71w': 'Dance'}",2008.0,0,0,2,1
90684,25603.68066278654,93.0,"{'/m/0hj3n0k': 'Domestic Comedy', '/m/06nbt': 'Satire', '/m/0219x_': 'Indie', '/m/01z4y': 'Comedy'}",1992.0,1,1,1,1
2367208,15576290.830765948,108.0,"{'/m/06cvj': 'Romantic comedy', '/m/02l7c8': 'Romance Film', '/m/01hmnh': 'Fantasy', '/m/01z4y': 'Comedy'}",2005.0,1,1,2,1
213224,1915885.3313008123,93.0,"{'/m/03npn': 'Horror', '/m/0219x_': 'Indie', '/m/0hj3n4p': 'Gothic Film', '/m/04xvlr': 'Period piece', '/m/07s9rl0': 'Drama', '/m/0hj3m_c': 'Costume Horror'}",2000.0,1,0,3,3
30000,14687930.169278076,114.0,"{'/m/01jfsb': 'Thriller', '/m/0lsxr': 'Crime Fiction', '/m/02m4t': 'Existentialism', '/m/09blyk': 'Psychological thriller', '/m/07s9rl0': 'Drama', '/m/03pgfj': 'New Hollywood'}",1976.0,1,0,2,1
797798,20260401.897776406,96.0,"{'/m/01jfsb': 'Thriller', '/m/06n90': 'Science Fiction', '/m/03npn': 'Horror', '/m/03q4nz': 'World cinema', '/m/094ddt': 'Doomsday film', '/m/0cq22z7': 'Sci-Fi Horror', '/m/0jb4p32': 'Zombie Film', '/m/02kdv5l': 'Action'}",2004.0,1,0,1,4
9979687,218765.4595510727,110.0,"{'/m/068d7h': 'Romantic drama', '/m/07s9rl0': 'Drama', '/m/01z4y': 'Comedy', '/m/03q4nz': 'World cinema'}",2006.0,0,0,1,1
1278961,4624378.499551952,136.0,"{'/m/017fp': 'Biography', '/m/03k9fj': 'Adventure', '/m/04xvh5': 'Costume drama', '/m/04xvlr': 'Period piece', '/m/07s9rl0': 'Drama', '/m/03g3w': 'History', '/m/068d7h': 'Romantic drama', '/m/02l7c8': 'Romance Film'}",2005.0,1,0,2,2
3710785,65237775.57172939,119.0,"{'/m/01jfsb': 'Thriller', '/m/0cq22f9': 'Action Thrillers', '/m/03k9fj': 'Adventure', '/m/016vh2': 'Caper story', '/m/03btsm8': 'Action/Adventure', '/m/02n4kr': 'Mystery', '/m/03jp56q': 'Archives and records', '/m/02kdv5l': 'Action'}",2007.0,1,0,2,1
61184,36976365.64837397,175.0,"{'/m/04xvh5': 'Costume drama', '/m/04xvlr': 'Period piece', '/m/02kdv5l': 'Action', '/m/07s9rl0': 'Drama', '/m/082gq': 'War film'}",2000.0,1,0,1,2
10844001,639869.0381309488,98.0,"{'/m/06cvj': 'Romantic comedy', '/m/02l7c8': 'Romance Film', '/m/01z4y': 'Comedy'}",1993.0,0,0,1,1
4211962,2547020.769656763,106.0,"{'/m/0hqxf': 'Family Film', '/m/01z4y': 'Comedy'}",1993.0,0,1,1,1
6987479,3513303.876028275,108.0,"{'/m/06cvj': 'Romantic comedy', '/m/02l7c8': 'Romance Film', '/m/01z4y': 'Comedy'}",2006.0,1,0,1,1
473212,1659545.5834555768,102.0,"{'/m/06cvj': 'Romantic comedy', '/m/0219x_': 'Indie', '/m/07s9rl0': 'Drama', '/m/01z4y': 'Comedy', '/m/068d7h': 'Romantic drama', '/m/02l7c8': 'Romance Film'}",1990.0,0,1,1,1
201534,50440149.264211245,80.0,"{'/m/0lsxr': 'Crime Fiction', '/m/04t36': 'Musical', '/m/07s9rl0': 'Drama', '/m/01z4y': 'Comedy'}",2002.0,1,1,2,3
3616797,78598813.17378046,155.0,"{'/m/0fx2s': 'Tragedy', '/m/03k9fj': 'Adventure', '/m/04xvh5': 'Costume drama', '/m/06l3bl': 'Epic', '/m/07s9rl0': 'Drama', '/m/082gq': 'War film', '/m/02kdv5l': 'Action', '/m/01xpr_s': 'Movies About Gladiators', '/m/03hn0': 'Historical drama'}",2000.0,1,0,1,2
13814165,11627500.966430955,86.0,"{'/m/0gf28': 'Parody', '/m/04xvlr': 'Period piece', '/m/01lmb_': 'Sword and Sandal', '/m/01z4y': 'Comedy', '/m/082gq': 'War film'}",2008.0,0,0,1,2
7319564,6497560.43160205,88.0,"{'/m/06n90': 'Science Fiction', '/m/03q4nz': 'World cinema', '/m/07s9rl0': 'Drama', '/m/01z4y': 'Comedy', '/m/01hmnh': 'Fantasy', '/m/0hqxf': 'Family Film', '/m/0gw5qqq': 'Chinese Movies'}",2008.0,0,0,1,1
956388,7541494.779569143,95.0,"{'/m/06vxwl5': 'Natural horror films', '/m/06n90': 'Science Fiction', '/m/03npn': 'Horror', '/m/01z4y': 'Comedy', '/m/0h9qh': 'Monster', '/m/0qdzd': 'B-movie', '/m/0hj3n7f': 'Horror Comedy'}",2002.0,0,0,1,2
13049327,80383627.61585948,103.0,"{'/m/06n90': 'Science Fiction', '/m/02kdv5l': 'Action', '/m/0556j8': 'Buddy film', '/m/01z4y': 'Comedy'}",2012.0,0,0,1,1
14706880,22491258.061448433,82.0,"{'/m/06cvj': 'Romantic comedy', '/m/02l7c8': 'Romance Film', '/m/0bwgnb': 'Christmas movie', '/m/01z4y': 'Comedy', '/m/0hj3n6r': 'Holiday Film'}",2008.0,1,0,1,2
2501528,583535.2400922986,91.0,"{'/m/03btsm8': 'Action/Adventure', '/m/02kdv5l': 'Action', '/m/07s9rl0': 'Drama', '/m/01z4y': 'Comedy', '/m/03k9fj': 'Adventure'}",1993.0,0,0,1,1
3894411,6171117.7150593195,118.0,"{'/m/06cvj': 'Romantic comedy', '/m/0clz1b': 'Slice of life story', '/m/03p5xs': 'Comedy of manners', '/m/01t_vv': 'Comedy-drama', '/m/07s9rl0': 'Drama', '/m/01z4y': 'Comedy', '/m/060__y': 'Film adaptation', '/m/068d7h': 'Romantic drama', '/m/02l7c8': 'Romance Film'}",2006.0,1,0,3,2
471352,1665480.948371604,100.0,"{'/m/0lsxr': 'Crime Fiction', '/m/0gf28': 'Parody', '/m/0gw5n2f': 'Japanese Movies', '/m/0hj3n01': 'Crime Drama', '/m/03btsm8': 'Action/Adventure', '/m/04t2t': 'Martial Arts Film', '/m/07s9rl0': 'Drama', '/m/01z4y': 'Comedy', '/m/0gw5w78': 'Gangster Film', '/m/02kdv5l': 'Action'}",1999.0,0,0,1,4
620034,12929396.554754762,93.0,"{'/m/01jfsb': 'Thriller', '/m/06n90': 'Science Fiction', '/m/03npn': 'Horror', '/m/0hj3m_q': 'Creature Film', '/m/0hj3mt0': 'Alien Film', '/m/02kdv5l': 'Action'}",1990.0,0,0,1,1
7920068,13030623.217672542,113.0,"{'/m/0lsxr': 'Crime Fiction', '/m/01jfsb': 'Thriller', '/m/09blyk': 'Psychological thriller', '/m/02n4kr': 'Mystery', '/m/07s9rl0': 'Drama', '/m/02wtdps': 'Crime Thriller', '/m/05bh16v': 'Courtroom Drama'}",2007.0,1,0,1,2
568780,5652217.317479926,103.0,"{'/m/06cvj': 'Romantic comedy', '/m/068d7h': 'Romantic drama', '/m/02l7c8': 'Romance Film', '/m/07s9rl0': 'Drama', '/m/01z4y': 'Comedy'}",2004.0,1,0,1,1
3117439,22368449.74640332,107.0,"{'/m/0hqxf': 'Family Film', '/m/0hj3n2k': 'Fantasy Adventure', '/m/01hmnh': 'Fantasy', '/m/03k9fj': 'Adventure'}",2008.0,1,0,1,1
19861657,12377849.865859844,94.0,{'/m/01z4y': 'Comedy'},2010.0,1,0,1,1
28386410,27558206.478047777,98.0,"{'/m/0lsxr': 'Crime Fiction', '/m/0hj3nyp': 'Workplace Comedy', '/m/01z4y': 'Comedy'}",2011.0,0,0,1,1
3723947,44405148.75256672,121.0,"{'/m/01jfsb': 'Thriller', '/m/0lsxr': 'Crime Fiction', '/m/0hj3n0w': 'Ensemble Film', '/m/016vh2': 'Caper story', '/m/0hj3nbs': 'Master Criminal Films', '/m/01z4y': 'Comedy'}",2007.0,1,0,2,1
1394579,6879764.393612684,99.0,"{'/m/01jfsb': 'Thriller', '/m/0lsxr': 'Crime Fiction', '/m/028v3': 'Detective fiction', '/m/0vjs6': 'Detective', '/m/09blyk': 'Psychological thriller', '/m/03btsm8': 'Action/Adventure', '/m/07s9rl0': 'Drama', '/m/02wtdps': 'Crime Thriller', '/m/02kdv5l': 'Action'}",2003.0,1,0,1,3
724258,86301369.57236211,110.0,"{'/m/01jfsb': 'Thriller', '/m/03btsm8': 'Action/Adventure', '/m/02kdv5l': 'Action', '/m/0bkbm': 'Spy'}",1996.0,1,0,3,1
4705514,2448848.2196659115,105.0,"{'/m/0lsxr': 'Crime Fiction', '/m/03btsm8': 'Action/Adventure', '/m/02kdv5l': 'Action', '/m/07s9rl0': 'Drama'}",1991.0,0,0,1,1
2748709,574983.7727253938,109.0,"{'/m/0lsxr': 'Crime Fiction', '/m/01jfsb': 'Thriller', '/m/028v3': 'Detective fiction', '/m/0219x_': 'Indie', '/m/0vjs6': 'Detective', '/m/02n4kr': 'Mystery', '/m/07s9rl0': 'Drama', '/m/02xh1': 'Film noir', '/m/02wtdps': 'Crime Thriller', '/m/02b5_l': 'Teen', '/m/03j0dp': 'Neo-noir'}",2006.0,0,0,1,1
1458752,6472633.6552438615,95.0,"{'/m/03k9fj': 'Adventure', '/m/0hj3myq': ""Children's/Family"", '/m/04t36': 'Musical', '/m/0bj8m2': ""Children's"", '/m/01z4y': 'Comedy', '/m/04rlf': 'Music', '/m/0hqxf': 'Family Film', '/m/0hj3n26': 'Family-Oriented Adventure'}",1996.0,0,0,1,1
1349086,42522767.117771074,151.0,"{'/m/01jfsb': 'Thriller', '/m/0lsxr': 'Crime Fiction', '/m/0gw5w78': 'Gangster Film', '/m/0jdm8': 'Remake', '/m/02n4kr': 'Mystery', '/m/07s9rl0': 'Drama', '/m/02wtdps': 'Crime Thriller', '/m/02kdv5l': 'Action', '/m/0gw5qqq': 'Chinese Movies'}",2006.0,1,0,2,2
11762841,24709074.0220256,88.0,"{'/m/06n90': 'Science Fiction', '/m/03k9fj': 'Adventure', '/m/0bj8m2': ""Children's"", '/m/01z4y': 'Comedy', '/m/0hqxf': 'Family Film', '/m/02kdv5l': 'Action', '/m/0bkbm': 'Spy'}",2001.0,1,0,2,1
29171676,19430171.178133354,108.0,"{'/m/06cvj': 'Romantic comedy', '/m/02l7c8': 'Romance Film', '/m/01z4y': 'Comedy'}",2011.0,0,0,1,1
54030,33971443.06330007,136.0,"{'/m/01jfsb': 'Thriller', '/m/02n4kr': 'Mystery', '/m/06n90': 'Science Fiction', '/m/02l7c8': 'Romance Film', '/m/09blyk': 'Psychological thriller'}",2001.0,1,0,2,2
189088,23230313.789274573,108.0,"{'/m/01jfsb': 'Thriller', '/m/02wtdps': 'Crime Thriller', '/m/0c3351': 'Suspense'}",1998.0,1,0,1,1
1749093,79575404.75416479,88.0,"{'/m/03k9fj': 'Adventure', '/m/04xvh5': 'Costume drama', '/m/0hcr': 'Animation', '/m/07s9rl0': 'Drama', '/m/095bb': 'Animated cartoon', '/m/02l7c8': 'Romance Film', '/m/0hqxf': 'Family Film'}",1999.0,1,0,1,1
28134939,1198562.1092240037,97.0,{'/m/01z4y': 'Comedy'},2012.0,1,0,1,1
5169996,33196494.718981642,132.0,"{'/m/03btsm8': 'Action/Adventure', '/m/07s9rl0': 'Drama', '/m/02kdv5l': 'Action', '/m/02p0szs': 'Historical fiction', '/m/03k9fj': 'Adventure'}",1998.0,1,0,1,2
2572851,28013298.493152842,115.0,"{'/m/01zhp': 'Computer Animation', '/m/02kdv5l': 'Action', '/m/01hmnh': 'Fantasy', '/m/03k9fj': 'Adventure', '/m/0hcr': 'Animation'}",2007.0,1,0,2,1
7527753,4913296.599722028,130.0,"{'/m/03k9fj': 'Adventure', '/m/082gq': 'War film', '/m/03btsm8': 'Action/Adventure', '/m/04xvlr': 'Period piece', '/m/07s9rl0': 'Drama', '/m/060__y': 'Film adaptation', '/m/02kdv5l': 'Action'}",2002.0,1,0,1,2
1847843,735425.1897119728,86.0,"{'/m/06cvj': 'Romantic comedy', '/m/02l7c8': 'Romance Film', '/m/01z4y': 'Comedy', '/m/02b5_l': 'Teen'}",2001.0,0,0,1,1
590462,15785306.025730463,101.0,"{'/m/01jfsb': 'Thriller', '/m/0cq22f9': 'Action Thrillers', '/m/03k9fj': 'Adventure', '/m/03btsm8': 'Action/Adventure', '/m/0hfjk': 'Western', '/m/07s9rl0': 'Drama', '/m/02wtdps': 'Crime Thriller', '/m/02kdv5l': 'Action'}",2003.0,1,0,2,1
1030073,3423079.572855666,107.0,"{'/m/01drsx': 'Disaster', '/m/03btsm8': 'Action/Adventure', '/m/06n90': 'Science Fiction', '/m/01jfsb': 'Thriller', '/m/094ddt': 'Doomsday film'}",1979.0,1,0,1,1
1519783,50063043.42782163,106.0,"{'/m/03btsm8': 'Action/Adventure', '/m/06n90': 'Science Fiction', '/m/02kdv5l': 'Action', '/m/01hmnh': 'Fantasy', '/m/04pbhw': 'Superhero movie'}",2005.0,1,0,1,2
3145613,85781.94251415628,106.0,"{'/m/0hj3n0w': 'Ensemble Film', '/m/0219x_': 'Indie', '/m/01t_vv': 'Comedy-drama', '/m/04t36': 'Musical', '/m/03mqtr': 'Political drama', '/m/05mrx8': 'Political satire', '/m/07s9rl0': 'Drama', '/m/01z4y': 'Comedy', '/m/04rlf': 'Music', '/m/02wtdkf': 'Musical Drama'}",2003.0,1,0,1,2
33577424,19684882.90674079,96.0,"{'/m/06n90': 'Science Fiction', '/m/03k9fj': 'Adventure', '/m/01z4y': 'Comedy', '/m/0hqxf': 'Family Film', '/m/02kdv5l': 'Action', '/m/0bkbm': 'Spy'}",2002.0,1,0,1,1
2837025,37638156.66651658,121.0,"{'/m/08w0_f': 'Albino bias', '/m/01jfsb': 'Thriller', '/m/03npn': 'Horror', '/m/0fdjb': 'Supernatural', '/m/03btsm8': 'Action/Adventure', '/m/0cq22f9': 'Action Thrillers', '/m/02kdv5l': 'Action'}",1999.0,1,0,2,1
443011,25161387.18061155,116.0,"{'/m/01jfsb': 'Thriller', '/m/0hj3n2k': 'Fantasy Adventure', '/m/0gw5n2f': 'Japanese Movies', '/m/03k9fj': 'Adventure', '/m/03btsm8': 'Action/Adventure', '/m/01hmnh': 'Fantasy', '/m/02kdv5l': 'Action'}",2003.0,1,0,2,4
19554171,15256241.279399058,82.0,"{'/m/0hj3myq': ""Children's/Family"", '/m/0hqxf': 'Family Film', '/m/02kdv5l': 'Action', '/m/01z4y': 'Comedy', '/m/0hj3mtj': 'Animal Picture'}",2010.0,1,0,1,2
2222699,36803890.220123,91.0,"{'/m/01jfsb': 'Thriller', '/m/0lsxr': 'Crime Fiction', '/m/0556j8': 'Buddy film', '/m/0hj3l_y': 'Action Comedy', '/m/03btsm8': 'Action/Adventure', '/m/04t2t': 'Martial Arts Film', '/m/01z4y': 'Comedy', '/m/02kdv5l': 'Action'}",2007.0,1,0,5,3
13023421,7616602.935869302,105.0,"{'/m/06cvj': 'Romantic comedy', '/m/02l7c8': 'Romance Film', '/m/07s9rl0': 'Drama', '/m/01z4y': 'Comedy'}",2008.0,1,0,1,3
3759215,20343518.444475327,96.0,"{'/m/06n90': 'Science Fiction', '/m/03k9fj': 'Adventure', '/m/094ddt': 'Doomsday film', '/m/07s9rl0': 'Drama', '/m/060__y': 'Film adaptation', '/m/07s2s': 'Time travel', '/m/02kdv5l': 'Action'}",2002.0,0,0,1,1
997955,10817234.74877224,80.0,{'/m/01z4y': 'Comedy'},1990.0,1,0,1,1
1046470,56797822.71772699,115.0,"{'/m/0lsxr': 'Crime Fiction', '/m/04btyz': 'Heist', '/m/0hj3m_x': 'Crime Comedy', '/m/0hj3n0w': 'Ensemble Film', '/m/016vh2': 'Caper story', '/m/03btsm8': 'Action/Adventure', '/m/01jfsb': 'Thriller', '/m/01z4y': 'Comedy', '/m/02kdv5l': 'Action'}",2004.0,1,0,5,1
10328139,759732.6798341869,109.0,"{'/m/0lsxr': 'Crime Fiction', '/m/06cvj': 'Romantic comedy', '/m/0hj3m_x': 'Crime Comedy', '/m/0219x_': 'Indie', '/m/03btsm8': 'Action/Adventure', '/m/07s9rl0': 'Drama', '/m/01z4y': 'Comedy', '/m/02l7c8': 'Romance Film', '/m/02kdv5l': 'Action', '/m/03k9fj': 'Adventure'}",2008.0,1,0,4,1
499810,3014478.9605436013,92.0,"{'/m/0gf28': 'Parody', '/m/04t36': 'Musical', '/m/0220p9g': 'Musical comedy', '/m/0l4h_': 'Mockumentary', '/m/01z4y': 'Comedy'}",2003.0,0,0,1,1
7404698,25014861.06910912,96.0,"{'/m/0556j8': 'Buddy film', '/m/03k9fj': 'Adventure', '/m/04228s': 'Road movie', '/m/01t_vv': 'Comedy-drama', '/m/07s9rl0': 'Drama', '/m/01z4y': 'Comedy'}",2007.0,0,0,1,1
27193568,102075713.02500972,93.0,"{'/m/0hj3n2s': 'Fantasy Comedy', '/m/03k9fj': 'Adventure', '/m/0hj3myq': ""Children's/Family"", '/m/01zhp': 'Computer Animation', '/m/0bxg3': 'Fairy tale', '/m/0hcr': 'Animation', '/m/01hmnh': 'Fantasy', '/m/01z4y': 'Comedy', '/m/0hqxf': 'Family Film', '/m/02kdv5l': 'Action', '/m/0hj3myc': ""Children's Fantasy""}",2010.0,0,0,1,1
92999,11839184.126103204,97.0,"{'/m/0gf28': 'Parody', '/m/0hj3nby': 'Media Satire', '/m/05mrx8': 'Political satire', '/m/07s9rl0': 'Drama', '/m/01z4y': 'Comedy', '/m/0cshrf': 'Political cinema', '/m/03mqtr': 'Political drama'}",1997.0,0,0,2,1
7133616,4288482.047251389,96.0,"{'/m/06cvj': 'Romantic comedy', '/m/04xvh5': 'Costume drama', '/m/03rzvv': 'Romantic fantasy', '/m/01hmnh': 'Fantasy', '/m/01z4y': 'Comedy', '/m/0hqxf': 'Family Film', '/m/0hj3n2s': 'Fantasy Comedy', '/m/02l7c8': 'Romance Film', '/m/02b5_l': 'Teen'}",2004.0,1,0,1,3
9478308,126443.41903831388,98.0,"{'/m/0hj3n0w': 'Ensemble Film', '/m/07s9rl0': 'Drama', '/m/0219x_': 'Indie', '/m/01f9r0': 'Docudrama', '/m/03mqtr': 'Political drama'}",2007.0,1,0,1,3
441315,2514405.7974617817,120.0,"{'/m/01jfsb': 'Thriller', '/m/0lsxr': 'Crime Fiction', '/m/0219x_': 'Indie', '/m/03btsm8': 'Action/Adventure', '/m/07s9rl0': 'Drama', '/m/02wtdps': 'Crime Thriller', '/m/02l7c8': 'Romance Film', '/m/02kdv5l': 'Action'}",1993.0,1,0,2,1
253828,73847999.29431187,115.0,"{'/m/02kdv5l': 'Action', '/m/01hmnh': 'Fantasy', '/m/03k9fj': 'Adventure'}",1999.0,1,0,2,1
1962913,11034727.482261317,105.0,"{'/m/02qvnvs': 'Swashbuckler films', '/m/03k9fj': 'Adventure', '/m/04xvh5': 'Costume drama', '/m/03btsm8': 'Action/Adventure', '/m/01z4y': 'Comedy', '/m/02l7c8': 'Romance Film', '/m/02kdv5l': 'Action', '/m/0hqxf': 'Family Film'}",1993.0,1,0,1,3
28387289,30584538.0073131,158.0,"{'/m/01jfsb': 'Thriller', '/m/07s9rl0': 'Drama'}",2011.0,1,0,1,4
20523067,12330.02768753176,105.0,"{'/m/01jfsb': 'Thriller', '/m/0lsxr': 'Crime Fiction', '/m/028v3': 'Detective fiction', '/m/0219x_': 'Indie', '/m/0vjs6': 'Detective', '/m/02n4kr': 'Mystery', '/m/01z4y': 'Comedy'}",2009.0,0,0,1,1
670226,16787172.56238419,134.0,"{'/m/03btsm8': 'Action/Adventure', '/m/01jfsb': 'Thriller', '/m/06n90': 'Science Fiction', '/m/02kdv5l': 'Action', '/m/03k9fj': 'Adventure'}",2004.0,1,0,1,1
7780069,1065314.7042288454,95.0,"{'/m/0219x_': 'Indie', '/m/07s9rl0': 'Drama', '/m/01z4y': 'Comedy', '/m/068d7h': 'Romantic drama', '/m/0vgkd': 'Black comedy', '/m/02l7c8': 'Romance Film'}",2006.0,0,1,1,1
159980,3112499.39034262,86.0,"{'/m/0hqxf': 'Family Film', '/m/01z4y': 'Comedy', '/m/0hj3myq': ""Children's/Family""}",2001.0,0,0,1,1
1167483,15880974.792736003,103.0,"{'/m/01jfsb': 'Thriller', '/m/01q03': 'Cult', '/m/03npn': 'Horror', '/m/09blyk': 'Psychological thriller', '/m/0fdjb': 'Supernatural'}",1999.0,1,0,4,1
1024501,8837492.556954915,101.0,"{'/m/0hj3n2k': 'Fantasy Adventure', '/m/03k9fj': 'Adventure', '/m/04xvh5': 'Costume drama', '/m/03btsm8': 'Action/Adventure', '/m/01hmnh': 'Fantasy', '/m/0dz8b': 'Sword and sorcery', '/m/02kdv5l': 'Action', '/m/0520_cy': 'Sword and sorcery films'}",1984.0,1,0,1,1
2667958,2032592.3661367004,107.0,"{'/m/06vxwl5': 'Natural horror films', '/m/06n90': 'Science Fiction', '/m/03npn': 'Horror', '/m/0cq22z7': 'Sci-Fi Horror', '/m/0hj3m_q': 'Creature Film', '/m/03btsm8': 'Action/Adventure', '/m/02kdv5l': 'Action'}",1998.0,1,0,1,1
15272676,2026941.0929344338,115.0,"{'/m/0gsy3b': 'Sex comedy', '/m/01z4y': 'Comedy'}",2007.0,0,0,1,1
295757,5940923.910100554,122.0,"{'/m/0gf28': 'Parody', '/m/0219x_': 'Indie', '/m/04pbhw': 'Superhero movie', '/m/03btsm8': 'Action/Adventure', '/m/01hmnh': 'Fantasy', '/m/01z4y': 'Comedy', '/m/02kdv5l': 'Action'}",1999.0,1,0,1,1
158982,45507156.3700731,119.0,"{'/m/06cvj': 'Romantic comedy', '/m/02l7c8': 'Romance Film', '/m/0hj3nyp': 'Workplace Comedy', '/m/01z4y': 'Comedy'}",1998.0,0,0,1,1
1241944,4567448.384805435,90.0,"{'/m/0hj3n2k': 'Fantasy Adventure', '/m/0gw5n2f': 'Japanese Movies', '/m/03k9fj': 'Adventure', '/m/0hj3l_y': 'Action Comedy', '/m/0hcr': 'Animation', '/m/0jxy': 'Anime', '/m/01hmnh': 'Fantasy', '/m/0bj8m2': ""Children's"", '/m/02kdv5l': 'Action', '/m/0hj3n26': 'Family-Oriented Adventure'}",2004.0,0,0,2,2
397310,2681779.7039184594,138.0,"{'/m/01jfsb': 'Thriller', '/m/02n4kr': 'Mystery', '/m/07s9rl0': 'Drama'}",2003.0,1,0,1,8
17776794,4966638.323226298,140.0,"{'/m/0lsxr': 'Crime Fiction', '/m/01jfsb': 'Thriller', '/m/0hj3n01': 'Crime Drama', '/m/07s9rl0': 'Drama', '/m/02wtdps': 'Crime Thriller', '/m/02kdv5l': 'Action'}",2009.0,0,0,1,1
348449,31441599.363187153,82.0,"{'/m/0hqxf': 'Family Film', '/m/09q17': 'Slapstick', '/m/01z4y': 'Comedy', '/m/0hcr': 'Animation'}",2004.0,1,0,1,1
2046787,2167606.321979776,82.0,"{'/m/0gf28': 'Parody', '/m/06qm3': 'Screwball comedy', '/m/03npn': 'Horror', '/m/01z4y': 'Comedy'}",1986.0,1,0,1,1
1189614,1703069.8378628783,13.0,"{'/m/0hn10': 'LGBT', '/m/0lsxr': 'Crime Fiction', '/m/01z4y': 'Comedy', '/m/02b5_l': 'Teen', '/m/02hmvc': 'Short Film'}",2004.0,1,0,1,2
23270459,111967510.54341674,148.0,"{'/m/01jfsb': 'Thriller', '/m/06n90': 'Science Fiction', '/m/03k9fj': 'Adventure', '/m/09blyk': 'Psychological thriller', '/m/02n4kr': 'Mystery', '/m/02kdv5l': 'Action'}",2010.0,1,0,3,2
639796,4930762.567264574,184.0,"{'/m/0lsxr': 'Crime Fiction', '/m/01jfsb': 'Thriller', '/m/0gw5w78': 'Gangster Film', '/m/0hfjk': 'Western', '/m/07s9rl0': 'Drama', '/m/01z4y': 'Comedy', '/m/02kdv5l': 'Action'}",1995.0,1,0,1,1
129585,96021251.4543019,224.0,"{'/m/03k9fj': 'Adventure', '/m/0253g1': 'Epic Western', '/m/04xvh5': 'Costume drama', '/m/0hj3n7y': 'Indian Western', '/m/060__y': 'Film adaptation', '/m/06l3bl': 'Epic', '/m/03btsm8': 'Action/Adventure', '/m/04cb4x': 'Revisionist Western', '/m/0hfjk': 'Western', '/m/07s9rl0': 'Drama', '/m/04xvlr': 'Period piece', '/m/082gq': 'War film'}",1990.0,1,0,3,2
2529009,7152580.3826971445,102.0,"{'/m/01jfsb': 'Thriller', '/m/0lsxr': 'Crime Fiction', '/m/028v3': 'Detective fiction', '/m/03jp5g4': 'Libraries and librarians', '/m/0vjs6': 'Detective', '/m/09blyk': 'Psychological thriller', '/m/02n4kr': 'Mystery', '/m/07s9rl0': 'Drama', '/m/0c3351': 'Suspense', '/m/060__y': 'Film adaptation', '/m/02wtdps': 'Crime Thriller', '/m/02kdv5l': 'Action', '/m/05bh16v': 'Courtroom Drama'}",1995.0,0,0,1,1
2377503,2822494.6366545763,92.0,"{'/m/0hj3n0w': 'Ensemble Film', '/m/01z4y': 'Comedy', '/m/01j1n2': 'Coming of age', '/m/0219x_': 'Indie', '/m/0hj3nyp': 'Workplace Comedy'}",2005.0,1,0,1,1
1285796,4084189.0548540456,86.0,"{'/m/03k9fj': 'Adventure', '/m/0hj3myq': ""Children's/Family"", '/m/04xvh5': 'Costume drama', '/m/0hcr': 'Animation', '/m/04t36': 'Musical', '/m/0bj8m2': ""Children's"", '/m/01hmnh': 'Fantasy', '/m/0hj3myc': ""Children's Fantasy"", '/m/0hj3mtv': 'Animated Musical', '/m/04rlf': 'Music', '/m/0hqxf': 'Family Film', '/m/0hh_j8m': 'Mythological Fantasy'}",1998.0,1,0,1,1
13102698,183968.94568227854,93.0,"{'/m/07s9rl0': 'Drama', '/m/04228s': 'Road movie', '/m/01t_vv': 'Comedy-drama', '/m/01z4y': 'Comedy', '/m/0219x_': 'Indie'}",2006.0,0,0,1,1
2955883,396530.45327293314,99.0,"{'/m/01jfsb': 'Thriller', '/m/0lsxr': 'Crime Fiction', '/m/02n4kr': 'Mystery', '/m/04xvlr': 'Period piece', '/m/07s9rl0': 'Drama', '/m/02wtdps': 'Crime Thriller'}",2003.0,0,0,1,2
887135,696306.182339815,144.0,"{'/m/04xvlr': 'Period piece', '/m/07s9rl0': 'Drama', '/m/060__y': 'Film adaptation', '/m/068d7h': 'Romantic drama', '/m/02l7c8': 'Romance Film', '/m/0hj3n34': 'Feminist Film'}",1996.0,1,0,2,2
24854885,4648872.949891199,98.0,"{'/m/06cvj': 'Romantic comedy', '/m/0hj3n0w': 'Ensemble Film', '/m/0219x_': 'Indie', '/m/01t_vv': 'Comedy-drama', '/m/07s9rl0': 'Drama', '/m/01z4y': 'Comedy', '/m/068d7h': 'Romantic drama', '/m/02l7c8': 'Romance Film'}",2010.0,0,0,1,2
2012442,18985453.939273186,124.0,"{'/m/068d7h': 'Romantic drama', '/m/02l7c8': 'Romance Film', '/m/07s9rl0': 'Drama'}",1996.0,1,0,1,1
5641391,7228153.764122574,78.0,"{'/m/03k9fj': 'Adventure', '/m/0hj3myq': ""Children's/Family"", '/m/01zhp': 'Computer Animation', '/m/0bxg3': 'Fairy tale', '/m/0hcr': 'Animation', '/m/01hmnh': 'Fantasy', '/m/0hj3myc': ""Children's Fantasy"", '/m/0hqxf': 'Family Film'}",2008.0,1,1,1,1
26953541,53122.98268101471,98.0,"{'/m/0clz1b': 'Slice of life story', '/m/01t_vv': 'Comedy-drama', '/m/01z4y': 'Comedy', '/m/02qyzxg': 'Mumblecore', '/m/0219x_': 'Indie'}",2010.0,0,1,1,1
3840504,5314147.101102059,208.0,"{'/m/060__y': 'Film adaptation', '/m/03q4nz': 'World cinema', '/m/04xvh5': 'Costume drama', '/m/0520lz': 'Roadshow theatrical release', '/m/06l3bl': 'Epic', '/m/04xvlr': 'Period piece', '/m/07s9rl0': 'Drama', '/m/082gq': 'War film', '/m/068d7h': 'Romantic drama', '/m/02l7c8': 'Romance Film'}",1968.0,1,0,3,2
933060,8586542.18179291,98.0,"{'/m/01jfsb': 'Thriller', '/m/0lsxr': 'Crime Fiction', '/m/09blyk': 'Psychological thriller', '/m/07s9rl0': 'Drama', '/m/0c3351': 'Suspense', '/m/02wtdps': 'Crime Thriller'}",2002.0,0,0,1,1
26608129,2458204.671058516,124.0,"{'/m/068d7h': 'Romantic drama', '/m/02l7c8': 'Romance Film', '/m/07s9rl0': 'Drama', '/m/0219x_': 'Indie', '/m/01z4y': 'Comedy'}",2010.0,0,0,1,1
2099242,3663940.835321129,96.0,"{'/m/0lsxr': 'Crime Fiction', '/m/0vgkd': 'Black comedy', '/m/02kdv5l': 'Action', '/m/0hj3m_x': 'Crime Comedy', '/m/01z4y': 'Comedy'}",1990.0,1,1,3,1
2976107,28306819.33766704,111.0,"{'/m/0lsxr': 'Crime Fiction', '/m/01jfsb': 'Thriller', '/m/0jdm8': 'Remake', '/m/03btsm8': 'Action/Adventure', '/m/07s9rl0': 'Drama', '/m/02wtdps': 'Crime Thriller', '/m/02kdv5l': 'Action'}",2003.0,1,0,3,3
8484755,28946704.84159398,83.0,"{'/m/0556j8': 'Buddy film', '/m/03k9fj': 'Adventure', '/m/01zhp': 'Computer Animation', '/m/0hcr': 'Animation', '/m/0bj8m2': ""Children's"", '/m/01z4y': 'Comedy', '/m/0hqxf': 'Family Film'}",2006.0,0,0,1,1
593184,10097208.428935913,87.0,"{'/m/01jfsb': 'Thriller', '/m/06vxwl5': 'Natural horror films', '/m/03npn': 'Horror', '/m/01q03': 'Cult', '/m/01z4y': 'Comedy', '/m/0556j8': 'Buddy film', '/m/02kdv5l': 'Action', '/m/0hj3n7f': 'Horror Comedy'}",1999.0,1,0,1,2
29679260,18676027.97282229,118.0,"{'/m/06cvj': 'Romantic comedy', '/m/01z4y': 'Comedy'}",2011.0,1,0,1,1
32504587,10807527.202920234,110.0,"{'/m/06cvj': 'Romantic comedy', '/m/02l7c8': 'Romance Film', '/m/07s9rl0': 'Drama', '/m/01z4y': 'Comedy'}",2012.0,1,0,1,1
13237979,6728456.903121608,106.0,"{'/m/01jfsb': 'Thriller', '/m/06n90': 'Science Fiction', '/m/02kdv5l': 'Action'}",2009.0,1,0,2,2
957331,55100983.49264409,112.0,"{'/m/01jfsb': 'Thriller', '/m/03npn': 'Horror', '/m/03k9fj': 'Adventure', '/m/03jp5h0': 'Archaeology', '/m/03btsm8': 'Action/Adventure', '/m/01hmnh': 'Fantasy', '/m/02kdv5l': 'Action', '/m/0gw5qqq': 'Chinese Movies'}",2008.0,1,0,4,3
18545216,27493.251513724914,106.0,"{'/m/01jfsb': 'Thriller', '/m/0cq22f9': 'Action Thrillers', '/m/03btsm8': 'Action/Adventure', '/m/07s9rl0': 'Drama', '/m/01z4y': 'Comedy', '/m/0vgkd': 'Black comedy', '/m/02wtdps': 'Crime Thriller', '/m/02kdv5l': 'Action'}",2009.0,0,1,1,1
2450545,5042420.562961382,197.0,"{'/m/01jfsb': 'Thriller', '/m/03btsm8': 'Action/Adventure', '/m/06n90': 'Science Fiction', '/m/02kdv5l': 'Action', '/m/03npn': 'Horror'}",2005.0,1,0,2,2
205013,83026023.42980906,107.0,"{'/m/06n90': 'Science Fiction', '/m/0hj3n2s': 'Fantasy Comedy', '/m/0fdjb': 'Supernatural', '/m/06qln': 'Stop motion', '/m/03btsm8': 'Action/Adventure', '/m/01hmnh': 'Fantasy', '/m/01z4y': 'Comedy', '/m/0hqxf': 'Family Film', '/m/02kdv5l': 'Action'}",1984.0,0,0,1,1
2298243,27756.34170906447,90.0,"{'/m/0hn10': 'LGBT', '/m/0lsxr': 'Crime Fiction', '/m/0219x_': 'Indie', '/m/0d63kt': 'Gay', '/m/0bc42t_': 'Gay Interest', '/m/01j1n2': 'Coming of age', '/m/04tkhfk': 'Gay Themed', '/m/07s9rl0': 'Drama', '/m/068d7h': 'Romantic drama', '/m/02l7c8': 'Romance Film', '/m/02b5_l': 'Teen'}",1997.0,0,0,1,1
206845,31162448.53468636,83.0,"{'/m/03k9fj': 'Adventure', '/m/01zhp': 'Computer Animation', '/m/0hcr': 'Animation', '/m/01hmnh': 'Fantasy', '/m/01z4y': 'Comedy', '/m/0hqxf': 'Family Film', '/m/0hj3n2s': 'Fantasy Comedy'}",1998.0,1,0,1,1
11845883,2462908.718198814,90.0,"{'/m/06n90': 'Science Fiction', '/m/0hj3n2k': 'Fantasy Adventure', '/m/03k9fj': 'Adventure', '/m/0hj3myq': ""Children's/Family"", '/m/02h8pkk': 'Family Drama', '/m/01hmnh': 'Fantasy', '/m/0hj3myc': ""Children's Fantasy"", '/m/060__y': 'Film adaptation', '/m/07s9rl0': 'Drama', '/m/0hqxf': 'Family Film', '/m/026ny': 'Dystopia'}",2008.0,0,0,1,1
1128240,14537862.34858437,91.0,"{'/m/01jfsb': 'Thriller', '/m/03npn': 'Horror', '/m/0fdjb': 'Supernatural', '/m/01q03': 'Cult', '/m/01585b': 'Slasher', '/m/02b5_l': 'Teen'}",2003.0,0,0,1,2
11046148,2425585.171909291,100.0,"{'/m/02h8pkk': 'Family Drama', '/m/01t_vv': 'Comedy-drama', '/m/04xvlr': 'Period piece', '/m/0bj8m2': ""Children's"", '/m/07s9rl0': 'Drama', '/m/01z4y': 'Comedy', '/m/0hqxf': 'Family Film'}",2008.0,0,0,1,1
2981197,4194070.5955284536,92.0,"{'/m/06cvj': 'Romantic comedy', '/m/02l7c8': 'Romance Film', '/m/07s9rl0': 'Drama', '/m/01z4y': 'Comedy', '/m/02b5_l': 'Teen'}",2000.0,1,0,2,1
1468099,3312424.6629603887,99.0,"{'/m/06cvj': 'Romantic comedy', '/m/04228s': 'Road movie', '/m/06qm3': 'Screwball comedy', '/m/01z4y': 'Comedy', '/m/02l7c8': 'Romance Film', '/m/09q17': 'Slapstick'}",2002.0,1,0,1,2
1151458,4577955.813148611,124.0,"{'/m/01jfsb': 'Thriller', '/m/07s9rl0': 'Drama', '/m/0lsxr': 'Crime Fiction', '/m/01hmnh': 'Fantasy'}",1998.0,1,0,2,1
9022958,10068423.916670926,100.0,"{'/m/068d7h': 'Romantic drama', '/m/02l7c8': 'Romance Film', '/m/07s9rl0': 'Drama', '/m/060__y': 'Film adaptation'}",1998.0,0,0,2,1
8219325,31688077.344550118,110.0,"{'/m/06cvj': 'Romantic comedy', '/m/0gf28': 'Parody', '/m/0hj3l_y': 'Action Comedy', '/m/03btsm8': 'Action/Adventure', '/m/01z4y': 'Comedy', '/m/02kdv5l': 'Action'}",2008.0,1,0,2,1
31532443,12399957.983352497,109.0,"{'/m/01jfsb': 'Thriller', '/m/0lsxr': 'Crime Fiction', '/m/02kdv5l': 'Action', '/m/07s9rl0': 'Drama'}",2012.0,1,0,1,2
286544,63404227.600071564,121.0,"{'/m/01jfsb': 'Thriller', '/m/06n90': 'Science Fiction', '/m/094ddt': 'Doomsday film', '/m/03btsm8': 'Action/Adventure', '/m/07s9rl0': 'Drama', '/m/01drsx': 'Disaster', '/m/02kdv5l': 'Action'}",1998.0,0,0,1,1
548259,47013755.350525014,132.0,"{'/m/01jfsb': 'Thriller', '/m/02qvnvs': 'Swashbuckler films', '/m/03npn': 'Horror', '/m/03k9fj': 'Adventure', '/m/04pbhw': 'Superhero movie', '/m/04xvh5': 'Costume drama', '/m/0hj3m_q': 'Creature Film', '/m/03btsm8': 'Action/Adventure', '/m/02n4kr': 'Mystery', '/m/07s9rl0': 'Drama', '/m/0h9qh': 'Monster', '/m/01hmnh': 'Fantasy', '/m/02kdv5l': 'Action', '/m/06www': 'Steampunk', '/m/0hj3m_c': 'Costume Horror'}",2004.0,1,0,2,2
167857,4643470.736717827,108.0,"{'/m/01jfsb': 'Thriller', '/m/0hj3n0w': 'Ensemble Film', '/m/02n4kr': 'Mystery', '/m/0lsxr': 'Crime Fiction', '/m/02wtdps': 'Crime Thriller', '/m/03j0dp': 'Neo-noir'}",1994.0,1,0,4,2
31306731,4016910.340758799,89.0,"{'/m/07s9rl0': 'Drama', '/m/01z4y': 'Comedy'}",2011.0,0,0,1,1
1528272,3373537.7971125445,120.0,"{'/m/0lsxr': 'Crime Fiction', '/m/07s9rl0': 'Drama', '/m/04xvlr': 'Period piece', '/m/0d1w9': 'Prison', '/m/05bh16v': 'Courtroom Drama'}",1995.0,1,0,1,2
4867859,59277334.45833331,105.0,"{'/m/0hqxf': 'Family Film', '/m/01hmnh': 'Fantasy', '/m/01z4y': 'Comedy'}",2000.0,0,0,1,2
68374,75597553.08028333,141.0,"{'/m/01jfsb': 'Thriller', '/m/0hj3l_y': 'Action Comedy', '/m/0cq22f9': 'Action Thrillers', '/m/0hj3n4h': 'Glamorized Spy Film', '/m/02kdv5l': 'Action', '/m/0bkbm': 'Spy'}",1994.0,1,0,4,1
1129847,28806741.52579841,133.0,"{'/m/01jfsb': 'Thriller', '/m/0lsxr': 'Crime Fiction', '/m/02kdv5l': 'Action', '/m/01hmnh': 'Fantasy', '/m/04pbhw': 'Superhero movie'}",2003.0,1,0,3,1
1287385,33940447.35083385,133.0,"{'/m/01z02hx': 'Sports', '/m/0fx2s': 'Tragedy', '/m/07s9rl0': 'Drama', '/m/01cgz': 'Boxing'}",2004.0,1,0,2,1
1191380,397751.6600041531,118.0,"{'/m/0hn10': 'LGBT', '/m/017fp': 'Biography', '/m/0gw5n2f': 'Japanese Movies', '/m/03g3w': 'History', '/m/04tkhfk': 'Gay Themed', '/m/0hj3mws': 'Biopic [feature]', '/m/0d63kt': 'Gay', '/m/04xvlr': 'Period piece', '/m/0bc42t_': 'Gay Interest', '/m/07s9rl0': 'Drama', '/m/060__y': 'Film adaptation', '/m/03bxz7': 'Biographical film', '/m/02l7c8': 'Romance Film'}",1997.0,1,0,1,5
1840775,3563351.212230715,110.0,"{'/m/07s9rl0': 'Drama', '/m/01lrrt': 'Melodrama', '/m/01j1n2': 'Coming of age', '/m/060__y': 'Film adaptation'}",2002.0,1,1,2,1
29561731,5953954.201058611,102.0,{'/m/01jfsb': 'Thriller'},2012.0,1,0,1,1
8351476,5841605.625597594,106.0,"{'/m/0lsxr': 'Crime Fiction', '/m/01jfsb': 'Thriller', '/m/01f9r0': 'Docudrama', '/m/07s9rl0': 'Drama', '/m/02wtdps': 'Crime Thriller', '/m/0bkbm': 'Spy'}",2007.0,0,0,1,1
98991,5442348.622242233,130.0,"{'/m/0gf28': 'Parody', '/m/0219x_': 'Indie', '/m/04228s': 'Road movie', '/m/01q03': 'Cult', '/m/06nbt': 'Satire', '/m/01hmnh': 'Fantasy', '/m/01z4y': 'Comedy', '/m/02djzlc': 'Religious Film', '/m/03k9fj': 'Adventure'}",1999.0,1,0,1,1
2480103,138634.67710689138,114.0,"{'/m/04xvlr': 'Period piece', '/m/07s9rl0': 'Drama', '/m/03q4nz': 'World cinema', '/m/082gq': 'War film'}",2005.0,1,0,1,3
742453,6312533.684959347,94.0,"{'/m/06n90': 'Science Fiction', '/m/0hqxf': 'Family Film', '/m/02kdv5l': 'Action', '/m/03k9fj': 'Adventure', '/m/0hcr': 'Animation'}",2000.0,1,0,2,1
166121,64218985.44199309,125.0,"{'/m/03btsm8': 'Action/Adventure', '/m/01jfsb': 'Thriller', '/m/0hj3n4h': 'Glamorized Spy Film', '/m/02kdv5l': 'Action', '/m/0bkbm': 'Spy'}",1999.0,1,0,2,2
1611072,1123767.061386466,100.0,"{'/m/01jfsb': 'Thriller', '/m/06n90': 'Science Fiction', '/m/0279xh5': 'Future noir', '/m/0hcr': 'Animation', '/m/07s9rl0': 'Drama', '/m/060__y': 'Film adaptation', '/m/026ny': 'Dystopia'}",2006.0,0,0,1,1
2825783,1578686.779078493,119.0,"{'/m/01z02hx': 'Sports', '/m/0hj3n0w': 'Ensemble Film', '/m/07s9rl0': 'Drama', '/m/01t_vv': 'Comedy-drama', '/m/01z4y': 'Comedy'}",1999.0,1,0,1,2
2098803,523991.71341463394,105.0,"{'/m/04rlf': 'Music', '/m/04t36': 'Musical', '/m/07s9rl0': 'Drama', '/m/0219x_': 'Indie', '/m/04xvlr': 'Period piece'}",2000.0,0,0,1,1
2217144,611059.7048406138,96.0,"{'/m/06cvj': 'Romantic comedy', '/m/04xvh5': 'Costume drama', '/m/01t_vv': 'Comedy-drama', '/m/02n4kr': 'Mystery', '/m/04xvlr': 'Period piece', '/m/07s9rl0': 'Drama', '/m/01z4y': 'Comedy'}",1994.0,1,0,1,2
28223867,1356.3060780397657,135.0,"{'/m/0hj3n07': 'Culture & Society', '/m/017fp': 'Biography', '/m/0hj3nc2': 'Media Studies', '/m/0jtdp': 'Documentary'}",2010.0,1,0,1,1
3370462,58689.3118779394,84.0,"{'/m/07s9rl0': 'Drama', '/m/03npn': 'Horror', '/m/01g6gs': 'Black-and-white'}",1995.0,1,0,1,1
22845644,21604512.442245215,108.0,"{'/m/04rlf': 'Music', '/m/02l7c8': 'Romance Film', '/m/07s9rl0': 'Drama', '/m/04dn71w': 'Dance', '/m/068d7h': 'Romantic drama'}",2010.0,0,0,1,1
6724491,2750000.0,116.0,"{'/m/068d7h': 'Romantic drama', '/m/02l7c8': 'Romance Film', '/m/01lrrt': 'Melodrama', '/m/07s9rl0': 'Drama'}",1954.0,1,0,1,1
4940876,55346.97150799165,87.0,"{'/m/0lsxr': 'Crime Fiction', '/m/016vh2': 'Caper story', '/m/06qm3': 'Screwball comedy', '/m/0hj3m_x': 'Crime Comedy', '/m/01z4y': 'Comedy'}",2002.0,1,0,1,2
1033297,16843334.99291174,100.0,"{'/m/01jfsb': 'Thriller', '/m/06n90': 'Science Fiction', '/m/03npn': 'Horror', '/m/03k9fj': 'Adventure', '/m/094ddt': 'Doomsday film', '/m/0cq22z7': 'Sci-Fi Horror', '/m/0hj3m_q': 'Creature Film', '/m/03p15s3': 'Plague', '/m/0jb4p32': 'Zombie Film', '/m/02kdv5l': 'Action'}",2002.0,1,0,1,5
12918906,5613187.950906284,87.0,"{'/m/0gf28': 'Parody', '/m/06cvj': 'Romantic comedy', '/m/03p5xs': 'Comedy of manners', '/m/01z02hx': 'Sports', '/m/01z4y': 'Comedy', '/m/02l7c8': 'Romance Film'}",2008.0,1,0,1,3
6707631,16126017.661325602,122.0,"{'/m/0lsxr': 'Crime Fiction', '/m/07s9rl0': 'Drama'}",1995.0,0,0,1,2
4758386,3133606.4647087418,93.0,"{'/m/0219x_': 'Indie', '/m/0clz1b': 'Slice of life story', '/m/04228s': 'Road movie', '/m/03q4nz': 'World cinema', '/m/07s9rl0': 'Drama', '/m/068d7h': 'Romantic drama', '/m/02l7c8': 'Romance Film', '/m/0gw5qqq': 'Chinese Movies'}",2007.0,1,0,1,3
13734892,41696868.96794028,118.0,"{'/m/01jfsb': 'Thriller', '/m/0cq22f9': 'Action Thrillers', '/m/06n90': 'Science Fiction', '/m/02kdv5l': 'Action', '/m/03k9fj': 'Adventure'}",2009.0,1,0,2,2
2886036,23908352.78297714,108.0,"{'/m/0gf28': 'Parody', '/m/03btsm8': 'Action/Adventure', '/m/01z02hx': 'Sports', '/m/01z4y': 'Comedy', '/m/02kdv5l': 'Action', '/m/0ltv': 'Auto racing'}",2006.0,0,0,1,1
479757,25486708.5275886,117.0,"{'/m/01jfsb': 'Thriller', '/m/0cq22f9': 'Action Thrillers', '/m/03npn': 'Horror', '/m/04pbhw': 'Superhero movie', '/m/0btmb': 'Superhero', '/m/03btsm8': 'Action/Adventure', '/m/01hmnh': 'Fantasy', '/m/02kdv5l': 'Action'}",2002.0,1,0,3,2
2871613,26607381.9956616,107.0,"{'/m/06cvj': 'Romantic comedy', '/m/03k9fj': 'Adventure', '/m/03btsm8': 'Action/Adventure', '/m/0hj3msd': 'Adventure Comedy', '/m/01z4y': 'Comedy', '/m/02l7c8': 'Romance Film', '/m/02kdv5l': 'Action'}",1985.0,0,0,2,3
1683515,4715406.5557025345,122.0,"{'/m/0lsxr': 'Crime Fiction', '/m/0hj3n01': 'Crime Drama', '/m/01f9r0': 'Docudrama', '/m/07s9rl0': 'Drama', '/m/03bxz7': 'Biographical film', '/m/02b5_l': 'Teen'}",2006.0,0,0,1,1
17781178,1247729.165052017,105.0,"{'/m/01jfsb': 'Thriller', '/m/0lsxr': 'Crime Fiction', '/m/02n4kr': 'Mystery', '/m/04xvlr': 'Period piece', '/m/07s9rl0': 'Drama', '/m/068d7h': 'Romantic drama', '/m/02wtdps': 'Crime Thriller', '/m/02l7c8': 'Romance Film'}",2010.0,1,0,4,1
394792,7309731.69650088,151.0,"{'/m/01jfsb': 'Thriller', '/m/0lsxr': 'Crime Fiction', '/m/0219x_': 'Indie', '/m/03btsm8': 'Action/Adventure', '/m/018td': 'Blaxploitation', '/m/07s9rl0': 'Drama', '/m/01z4y': 'Comedy', '/m/02wtdps': 'Crime Thriller', '/m/02kdv5l': 'Action'}",1997.0,0,0,1,1
5068093,2325665.3775784383,115.0,"{'/m/068d7h': 'Romantic drama', '/m/02l7c8': 'Romance Film', '/m/07s9rl0': 'Drama', '/m/01z4y': 'Comedy'}",2006.0,1,0,2,2
26800826,1759.26461382538,105.0,"{'/m/068d7h': 'Romantic drama', '/m/02l7c8': 'Romance Film', '/m/07s9rl0': 'Drama', '/m/0219x_': 'Indie', '/m/060__y': 'Film adaptation'}",2010.0,0,0,1,1
2638660,1273144.4552428464,88.0,"{'/m/06qln': 'Stop motion', '/m/0hj3n62': 'Heavenly Comedy', '/m/0hcr': 'Animation', '/m/03btsm8': 'Action/Adventure', '/m/01hmnh': 'Fantasy', '/m/0btmb': 'Superhero', '/m/0hj3n2s': 'Fantasy Comedy', '/m/01z4y': 'Comedy'}",2001.0,1,0,1,1
555629,66886143.442397565,96.0,"{'/m/0556j8': 'Buddy film', '/m/0hj3mxr': 'Chase Movie', '/m/04228s': 'Road movie', '/m/06qm3': 'Screwball comedy', '/m/0hj3l_y': 'Action Comedy', '/m/03btsm8': 'Action/Adventure', '/m/0hj3msd': 'Adventure Comedy', '/m/01z4y': 'Comedy', '/m/02kdv5l': 'Action', '/m/0gw5qqq': 'Chinese Movies', '/m/0ltv': 'Auto racing'}",1981.0,1,0,4,2
600216,11714370.338599082,97.0,"{'/m/01jfsb': 'Thriller', '/m/03npn': 'Horror', '/m/01q03': 'Cult', '/m/01z4y': 'Comedy', '/m/0vgkd': 'Black comedy', '/m/0c3351': 'Suspense'}",1989.0,0,0,1,1
217835,430919.64894432796,120.0,"{'/m/0lsxr': 'Crime Fiction', '/m/0219x_': 'Indie', '/m/0hj3n01': 'Crime Drama', '/m/04228s': 'Road movie', '/m/01t_vv': 'Comedy-drama', '/m/01q03': 'Cult', '/m/07s9rl0': 'Drama', '/m/01z4y': 'Comedy', '/m/0vgkd': 'Black comedy', '/m/02l7c8': 'Romance Film'}",1998.0,1,0,1,1
18640305,9676385.320653502,97.0,"{'/m/06cvj': 'Romantic comedy', '/m/02l7c8': 'Romance Film', '/m/03p5xs': 'Comedy of manners', '/m/01z4y': 'Comedy'}",2008.0,0,1,1,1
256337,41667717.85331823,105.0,"{'/m/0lsxr': 'Crime Fiction', '/m/03k9fj': 'Adventure', '/m/0hj3l_y': 'Action Comedy', '/m/03btsm8': 'Action/Adventure', '/m/04t2t': 'Martial Arts Film', '/m/01z4y': 'Comedy', '/m/02kdv5l': 'Action'}",2003.0,1,0,3,1
14166698,7161.105421441926,85.0,"{'/m/01z02hx': 'Sports', '/m/01z4y': 'Comedy', '/m/0clz1b': 'Slice of life story'}",2008.0,0,0,1,1
963023,356389.62479363644,160.0,"{'/m/0fx2s': 'Tragedy', '/m/04xvh5': 'Costume drama', '/m/04xvlr': 'Period piece', '/m/07s9rl0': 'Drama', '/m/082gq': 'War film', '/m/01hmnh': 'Fantasy'}",1999.0,1,0,1,2
249876,12591811.388325224,112.0,"{'/m/0219x_': 'Indie', '/m/01t_vv': 'Comedy-drama', '/m/01z02hx': 'Sports', '/m/07s9rl0': 'Drama', '/m/01z4y': 'Comedy', '/m/01j1n2': 'Coming of age', '/m/02l7c8': 'Romance Film', '/m/0hj3n0k': 'Domestic Comedy', '/m/02b5_l': 'Teen'}",2002.0,1,1,4,3
27863892,2115019.6387541825,107.0,"{'/m/01jfsb': 'Thriller', '/m/07s9rl0': 'Drama'}",2011.0,0,0,1,1
3252860,4566969.648315248,110.0,"{'/m/01jfsb': 'Thriller', '/m/06n90': 'Science Fiction', '/m/03k9fj': 'Adventure'}",2007.0,1,0,1,2
6048468,152131.74724258468,111.0,"{'/m/0hfjk': 'Western', '/m/03btsm8': 'Action/Adventure', '/m/04cb4x': 'Revisionist Western', '/m/04xvlr': 'Period piece', '/m/07s9rl0': 'Drama', '/m/068d7h': 'Romantic drama', '/m/02l7c8': 'Romance Film'}",2007.0,0,0,1,1
2600144,72664.64168492415,87.0,"{'/m/0gf28': 'Parody', '/m/01jfsb': 'Thriller', '/m/06n90': 'Science Fiction', '/m/0219x_': 'Indie', '/m/01q03': 'Cult', '/m/06nbt': 'Satire', '/m/01z4y': 'Comedy', '/m/0cshrf': 'Political cinema', '/m/0vgkd': 'Black comedy', '/m/07s2s': 'Time travel', '/m/026ny': 'Dystopia', '/m/03k9fj': 'Adventure'}",2006.0,0,0,1,1
236122,16706104.410203313,113.0,"{'/m/01jfsb': 'Thriller', '/m/0lsxr': 'Crime Fiction', '/m/0c3351': 'Suspense', '/m/09blyk': 'Psychological thriller'}",2001.0,1,0,2,2
823939,2731481.926230765,94.0,"{'/m/01jfsb': 'Thriller', '/m/0lsxr': 'Crime Fiction', '/m/0vjs6': 'Detective', '/m/02n4kr': 'Mystery', '/m/07s9rl0': 'Drama', '/m/02wtdps': 'Crime Thriller', '/m/03j0dp': 'Neo-noir'}",1998.0,1,0,1,1
14478278,14534331.068650167,91.0,"{'/m/06n90': 'Science Fiction', '/m/03k9fj': 'Adventure', '/m/01zhp': 'Computer Animation', '/m/0hcr': 'Animation', '/m/0hj3mt0': 'Alien Film', '/m/06nbt': 'Satire', '/m/01z4y': 'Comedy', '/m/0hqxf': 'Family Film'}",2009.0,1,0,2,3
2361396,19564922.87195121,107.0,"{'/m/06cvj': 'Romantic comedy', '/m/01t_vv': 'Comedy-drama', '/m/04t36': 'Musical', '/m/01j1n2': 'Coming of age', '/m/01z4y': 'Comedy', '/m/07s9rl0': 'Drama', '/m/068d7h': 'Romantic drama', '/m/02l7c8': 'Romance Film'}",2000.0,1,0,1,1
1380482,2414814.036557191,97.0,"{'/m/0hn10': 'LGBT', '/m/06cvj': 'Romantic comedy', '/m/0556j8': 'Buddy film', '/m/03k9fj': 'Adventure', '/m/01z4y': 'Comedy', '/m/0hj3mz5': 'Comedy of Errors'}",2003.0,1,0,1,2
15721024,482145.79864377115,105.0,"{'/m/07s9rl0': 'Drama', '/m/068d7h': 'Romantic drama', '/m/02l7c8': 'Romance Film', '/m/01t_vv': 'Comedy-drama', '/m/01z4y': 'Comedy'}",1995.0,0,1,1,2
17175592,870243.7173773338,90.0,"{'/m/01zhp': 'Computer Animation', '/m/06n90': 'Science Fiction', '/m/0hqxf': 'Family Film', '/m/0hcr': 'Animation'}",2007.0,1,0,1,1
563861,902844.0610145932,101.0,"{'/m/02kdv5l': 'Action', '/m/03npn': 'Horror', '/m/0hj3m_q': 'Creature Film'}",2002.0,0,0,1,4
963301,5175796.759930346,98.0,"{'/m/03k9fj': 'Adventure', '/m/02n4kr': 'Mystery', '/m/01jw2w': 'Gross-out film', '/m/01z4y': 'Comedy', '/m/0bbc17': 'Gross out', '/m/02l7c8': 'Romance Film', '/m/02kdv5l': 'Action', '/m/09q17': 'Slapstick'}",2001.0,1,0,1,1
113651,199029.69003609318,129.0,"{'/m/03btsm8': 'Action/Adventure', '/m/0gw5n2f': 'Japanese Movies', '/m/0219x_': 'Indie', '/m/04xvh5': 'Costume drama', '/m/04xvlr': 'Period piece', '/m/01g6gs': 'Black-and-white', '/m/01q03': 'Cult', '/m/0hfjk': 'Western', '/m/01hmnh': 'Fantasy', '/m/07s9rl0': 'Drama', '/m/02rjkzy': 'Acid western', '/m/02kdv5l': 'Action'}",1995.0,1,0,2,3
32898123,292889.4336246468,102.0,"{'/m/0lsxr': 'Crime Fiction', '/m/01jfsb': 'Thriller', '/m/0glj9q': 'Erotic thriller', '/m/05p553': 'Comedy film', '/m/01q03': 'Cult', '/m/02n4kr': 'Mystery', '/m/07s9rl0': 'Drama', '/m/01z4y': 'Comedy', '/m/0vgkd': 'Black comedy'}",2011.0,0,0,2,1
689549,2638250.5030766916,123.0,"{'/m/04t36': 'Musical', '/m/07s9rl0': 'Drama', '/m/0hj3n84': 'Inspirational Drama', '/m/0219x_': 'Indie'}",1999.0,1,0,1,1
20926377,85768804.41680893,102.0,"{'/m/0lsxr': 'Crime Fiction', '/m/06n90': 'Science Fiction', '/m/04pbhw': 'Superhero movie', '/m/0hj3l_y': 'Action Comedy', '/m/0btmb': 'Superhero', '/m/01hmnh': 'Fantasy', '/m/01z4y': 'Comedy', '/m/02kdv5l': 'Action'}",2008.0,0,0,2,1
839705,4899971.908746996,91.0,"{'/m/0lsxr': 'Crime Fiction', '/m/016vh2': 'Caper story', '/m/0hj3l_y': 'Action Comedy', '/m/03btsm8': 'Action/Adventure', '/m/01z4y': 'Comedy', '/m/02wtdps': 'Crime Thriller', '/m/02kdv5l': 'Action'}",1998.0,1,0,1,1
24154924,9253764.908267574,129.0,"{'/m/01jfsb': 'Thriller', '/m/0lsxr': 'Crime Fiction', '/m/028v3': 'Detective fiction', '/m/0vjs6': 'Detective', '/m/03q4nz': 'World cinema', '/m/02n4kr': 'Mystery', '/m/07s9rl0': 'Drama', '/m/02wtdps': 'Crime Thriller'}",2009.0,0,0,3,3
706378,247649.59263917748,85.0,"{'/m/0hj3n0w': 'Ensemble Film', '/m/03p5xs': 'Comedy of manners', '/m/01z4y': 'Comedy', '/m/0219x_': 'Indie'}",1995.0,1,0,1,1
1582661,5776774.344832455,105.0,"{'/m/02qvnvs': 'Swashbuckler films', '/m/03k9fj': 'Adventure', '/m/04xvh5': 'Costume drama', '/m/0hj3m_6': 'Costume Adventure', '/m/02p0szs': 'Historical fiction', '/m/03btsm8': 'Action/Adventure', '/m/04xvlr': 'Period piece', '/m/07s9rl0': 'Drama', '/m/060__y': 'Film adaptation', '/m/02kdv5l': 'Action'}",2001.0,0,0,1,4
451821,3256331.5098826434,92.0,"{'/m/0gsy3b': 'Sex comedy', '/m/01z4y': 'Comedy', '/m/02b5_l': 'Teen', '/m/03k9fj': 'Adventure'}",2004.0,0,0,5,1
171939,9921188.042686978,110.0,"{'/m/06n90': 'Science Fiction', '/m/02kdv5l': 'Action', '/m/03k9fj': 'Adventure', '/m/0hj3l_y': 'Action Comedy', '/m/01hmnh': 'Fantasy', '/m/01z4y': 'Comedy', '/m/0hqxf': 'Family Film', '/m/0hj3n2s': 'Fantasy Comedy'}",1998.0,0,0,1,1
1364770,17154423.070238627,125.0,"{'/m/01jfsb': 'Thriller', '/m/02wtdps': 'Crime Thriller', '/m/02n4kr': 'Mystery'}",1999.0,1,0,1,2
2969963,1263333.7515681672,99.0,"{'/m/01jfsb': 'Thriller', '/m/02n4kr': 'Mystery', '/m/07s9rl0': 'Drama', '/m/09blyk': 'Psychological thriller', '/m/0fdjb': 'Supernatural'}",2005.0,1,0,1,1
2997355,7570034.159386067,101.0,"{'/m/06cvj': 'Romantic comedy', '/m/07s9rl0': 'Drama', '/m/02l7c8': 'Romance Film', '/m/01t_vv': 'Comedy-drama', '/m/01z4y': 'Comedy'}",1994.0,1,0,1,1
31905391,22987541.831356604,118.0,"{'/m/06n90': 'Science Fiction', '/m/02kdv5l': 'Action', '/m/0jdm8': 'Remake', '/m/03k9fj': 'Adventure'}",2012.0,1,0,1,1
342741,29760215.21528839,117.0,"{'/m/01jfsb': 'Thriller', '/m/0lsxr': 'Crime Fiction', '/m/0gw5w78': 'Gangster Film', '/m/0hj3n01': 'Crime Drama', '/m/02h8pkk': 'Family Drama', '/m/03btsm8': 'Action/Adventure', '/m/04xvlr': 'Period piece', '/m/07s9rl0': 'Drama', '/m/060__y': 'Film adaptation', '/m/01j1n2': 'Coming of age'}",2002.0,1,0,1,1
256713,7828965.532520322,140.0,"{'/m/0lsxr': 'Crime Fiction', '/m/01lrrt': 'Melodrama', '/m/0219x_': 'Indie', '/m/04t36': 'Musical', '/m/07s9rl0': 'Drama', '/m/02wtdkf': 'Musical Drama'}",2000.0,1,0,1,13
725892,411864.0625141562,97.0,"{'/m/0lsxr': 'Crime Fiction', '/m/01jfsb': 'Thriller', '/m/0hj3n16': 'Erotic Drama', '/m/02n4kr': 'Mystery', '/m/04xvlr': 'Period piece', '/m/07s9rl0': 'Drama', '/m/060__y': 'Film adaptation', '/m/02wtdps': 'Crime Thriller'}",2003.0,0,0,1,2
1856185,676915.9511648255,93.0,"{'/m/0hn10': 'LGBT', '/m/06cvj': 'Romantic comedy', '/m/0gsy3b': 'Sex comedy', '/m/0219x_': 'Indie', '/m/0d63kt': 'Gay', '/m/0bc42t_': 'Gay Interest', '/m/07s9rl0': 'Drama', '/m/01z4y': 'Comedy', '/m/04tkhfk': 'Gay Themed', '/m/02l7c8': 'Romance Film'}",1995.0,0,0,1,1
2520368,51316.35528049699,100.0,"{'/m/0hn10': 'LGBT', '/m/0219x_': 'Indie', '/m/04tkhfk': 'Gay Themed', '/m/0d63kt': 'Gay', '/m/0bc42t_': 'Gay Interest', '/m/01j1n2': 'Coming of age', '/m/060__y': 'Film adaptation', '/m/07s9rl0': 'Drama', '/m/068d7h': 'Romantic drama', '/m/02l7c8': 'Romance Film', '/m/02b5_l': 'Teen'}",2001.0,0,1,1,1
26255812,644179.7418547116,89.0,"{'/m/03npn': 'Horror', '/m/01z4y': 'Comedy'}",2010.0,0,0,1,2
2811692,383451.76441651856,118.0,"{'/m/0lsxr': 'Crime Fiction', '/m/0hn10': 'LGBT', '/m/017fp': 'Biography', '/m/07s9rl0': 'Drama'}",2006.0,1,1,1,1
4120837,13735.169270003184,87.0,"{'/m/03k9fj': 'Adventure', '/m/0hcr': 'Animation', '/m/0bj8m2': ""Children's"", '/m/01hmnh': 'Fantasy', '/m/01z4y': 'Comedy', '/m/0hqxf': 'Family Film', '/m/09q17': 'Slapstick'}",1996.0,0,0,1,2
460052,25212292.139524348,138.0,"{'/m/01jfsb': 'Thriller', '/m/0lsxr': 'Crime Fiction', '/m/0fx2s': 'Tragedy', '/m/09blyk': 'Psychological thriller', '/m/02n4kr': 'Mystery', '/m/07s9rl0': 'Drama', '/m/060__y': 'Film adaptation', '/m/02wtdps': 'Crime Thriller'}",2003.0,0,0,1,2
157239,20427053.74173099,103.0,"{'/m/01jfsb': 'Thriller', '/m/06n90': 'Science Fiction', '/m/03k9fj': 'Adventure', '/m/07s9rl0': 'Drama', '/m/02l7c8': 'Romance Film', '/m/02kdv5l': 'Action'}",1998.0,0,0,1,1
214783,1722775.062215633,118.0,"{'/m/01jfsb': 'Thriller', '/m/0219x_': 'Indie', '/m/04xvh5': 'Costume drama', '/m/02n4kr': 'Mystery', '/m/04xvlr': 'Period piece', '/m/07s9rl0': 'Drama', '/m/068d7h': 'Romantic drama', '/m/02l7c8': 'Romance Film', '/m/02wtdkf': 'Musical Drama'}",1998.0,0,0,5,3
2823258,1864756.0742747842,114.0,"{'/m/0lsxr': 'Crime Fiction', '/m/07s9rl0': 'Drama', '/m/03mqtr': 'Political drama', '/m/05bh16v': 'Courtroom Drama'}",1996.0,1,0,1,1
1046769,30310410.457584873,125.0,"{'/m/01jfsb': 'Thriller', '/m/03btsm8': 'Action/Adventure', '/m/0cq22f9': 'Action Thrillers', '/m/01drsx': 'Disaster', '/m/02l7c8': 'Romance Film', '/m/02kdv5l': 'Action'}",1997.0,0,0,3,1
10628994,843093.003919705,155.0,"{'/m/03q4nz': 'World cinema', '/m/07s9rl0': 'Drama', '/m/068d7h': 'Romantic drama', '/m/02l7c8': 'Romance Film', '/m/02kdv5l': 'Action', '/m/01chg': 'Bollywood'}",1992.0,0,0,1,1
1533664,5174508.513809571,107.0,"{'/m/06cvj': 'Romantic comedy', '/m/0lsxr': 'Crime Fiction', '/m/0hj3mzb': 'Comedy Thriller', '/m/01jfsb': 'Thriller', '/m/01z4y': 'Comedy', '/m/0vgkd': 'Black comedy', '/m/02l7c8': 'Romance Film'}",1997.0,1,0,1,1
2696740,10245287.852300443,88.0,"{'/m/03k9fj': 'Adventure', '/m/0hqxf': 'Family Film', '/m/0bj8m2': ""Children's"", '/m/01z4y': 'Comedy', '/m/0hcr': 'Animation'}",2006.0,1,0,1,1
718302,3126783.7478821534,125.0,"{'/m/0lsxr': 'Crime Fiction', '/m/01jfsb': 'Thriller', '/m/04btyz': 'Heist', '/m/016vh2': 'Caper story', '/m/0hj3mxr': 'Chase Movie', '/m/03btsm8': 'Action/Adventure', '/m/01z4y': 'Comedy', '/m/02wtdps': 'Crime Thriller', '/m/02kdv5l': 'Action'}",2001.0,0,0,1,1
12932741,3778590.486372981,105.0,"{'/m/017fp': 'Biography', '/m/03g3w': 'History', '/m/01f9r0': 'Docudrama', '/m/07s9rl0': 'Drama', '/m/068d7h': 'Romantic drama', '/m/02l7c8': 'Romance Film'}",2009.0,0,0,2,2
202652,27822372.30108383,130.0,"{'/m/0lsxr': 'Crime Fiction', '/m/01jfsb': 'Thriller', '/m/02l7c8': 'Romance Film', '/m/07s9rl0': 'Drama'}",1996.0,0,0,1,1
13393041,30134528.051694717,98.0,"{'/m/02l7c8': 'Romance Film', '/m/01z4y': 'Comedy'}",2008.0,1,0,2,1
77744,38592018.014431626,94.0,"{'/m/0556j8': 'Buddy film', '/m/01hwc6': 'Absurdism', '/m/01q03': 'Cult', '/m/06nbt': 'Satire', '/m/01z4y': 'Comedy', '/m/04rlf': 'Music'}",1992.0,0,0,2,1
1722156,22135587.711382106,124.0,"{'/m/01jfsb': 'Thriller', '/m/06n90': 'Science Fiction', '/m/0556j8': 'Buddy film', '/m/03k9fj': 'Adventure', '/m/01t_vv': 'Comedy-drama', '/m/03btsm8': 'Action/Adventure', '/m/07s9rl0': 'Drama', '/m/01z4y': 'Comedy', '/m/02kdv5l': 'Action'}",2000.0,0,0,1,2
2141418,238776.33168622607,99.0,"{'/m/07s9rl0': 'Drama', '/m/0bc42t_': 'Gay Interest', '/m/01j1n2': 'Coming of age', '/m/0d63kt': 'Gay', '/m/04tkhfk': 'Gay Themed'}",2004.0,0,0,1,2
947419,22012756.031743564,135.0,"{'/m/06cvj': 'Romantic comedy', '/m/04t36': 'Musical', '/m/07s9rl0': 'Drama', '/m/01z4y': 'Comedy', '/m/0hj3mws': 'Biopic [feature]', '/m/02l7c8': 'Romance Film', '/m/03bxz7': 'Biographical film'}",1975.0,0,0,1,1
2824791,1387390.1357392508,102.0,"{'/m/0lsxr': 'Crime Fiction', '/m/01jfsb': 'Thriller', '/m/04pbhw': 'Superhero movie', '/m/0btmb': 'Superhero', '/m/03btsm8': 'Action/Adventure', '/m/07s9rl0': 'Drama', '/m/0cq22f9': 'Action Thrillers', '/m/02kdv5l': 'Action'}",2008.0,0,0,1,3
3032361,19135253.814724486,110.0,"{'/m/06cvj': 'Romantic comedy', '/m/02l7c8': 'Romance Film', '/m/03p5xs': 'Comedy of manners', '/m/01z4y': 'Comedy'}",2006.0,1,0,1,1
24319139,30506079.030911867,120.0,"{'/m/017fp': 'Biography', '/m/03g3w': 'History', '/m/060__y': 'Film adaptation', '/m/07s9rl0': 'Drama', '/m/01z4y': 'Comedy', '/m/0hj3mws': 'Biopic [feature]'}",2010.0,0,0,2,1
5968326,13264210.788795833,119.0,"{'/m/01jfsb': 'Thriller', '/m/0lsxr': 'Crime Fiction', '/m/02n4kr': 'Mystery', '/m/07s9rl0': 'Drama', '/m/02wtdps': 'Crime Thriller', '/m/05bh16v': 'Courtroom Drama'}",2007.0,0,0,1,1
461322,5038111.731758164,130.0,"{'/m/0lsxr': 'Crime Fiction', '/m/01jfsb': 'Thriller', '/m/0gw5w78': 'Gangster Film', '/m/03q4nz': 'World cinema', '/m/0hj3n01': 'Crime Drama', '/m/04xvlr': 'Period piece', '/m/07s9rl0': 'Drama', '/m/01j1n2': 'Coming of age', '/m/02kdv5l': 'Action'}",2002.0,0,0,2,2
436955,4762350.586674357,98.0,"{'/m/06cvj': 'Romantic comedy', '/m/02l7c8': 'Romance Film', '/m/07s9rl0': 'Drama', '/m/01z4y': 'Comedy'}",1993.0,1,0,1,1
24402395,1230786.4438996247,106.0,{'/m/01z4y': 'Comedy'},1993.0,1,0,1,1
573288,12542762.187004752,95.0,"{'/m/03k9fj': 'Adventure', '/m/03q4nz': 'World cinema', '/m/0hj3myq': ""Children's/Family"", '/m/0hj3mtj': 'Animal Picture', '/m/01hmnh': 'Fantasy', '/m/01z4y': 'Comedy', '/m/07s9rl0': 'Drama', '/m/0hqxf': 'Family Film', '/m/0hj3myc': ""Children's Fantasy""}",1998.0,0,0,1,3
1695109,10169327.099559916,102.0,"{'/m/01jfsb': 'Thriller', '/m/02wtdps': 'Crime Thriller', '/m/07s9rl0': 'Drama', '/m/09blyk': 'Psychological thriller', '/m/0c3351': 'Suspense'}",1990.0,1,0,1,1
982874,15822227.368636653,109.0,"{'/m/06n90': 'Science Fiction', '/m/03k9fj': 'Adventure', '/m/01z4y': 'Comedy'}",2005.0,0,0,1,2
1405221,1943316.9773453784,110.0,"{'/m/01jfsb': 'Thriller', '/m/06cvj': 'Romantic comedy', '/m/0219x_': 'Indie', '/m/0hn10': 'LGBT', '/m/01t_vv': 'Comedy-drama', '/m/06nbt': 'Satire', '/m/07s9rl0': 'Drama', '/m/01z4y': 'Comedy', '/m/060__y': 'Film adaptation', '/m/0vgkd': 'Black comedy', '/m/02l7c8': 'Romance Film'}",2002.0,0,0,2,2
7591721,4203337.6973096,86.0,"{'/m/03k9fj': 'Adventure', '/m/01zhp': 'Computer Animation', '/m/0hcr': 'Animation', '/m/01hmnh': 'Fantasy', '/m/01z4y': 'Comedy', '/m/0vgkd': 'Black comedy', '/m/0hqxf': 'Family Film'}",2008.0,1,0,1,2
10214302,1735.7425018288227,88.0,"{'/m/07s9rl0': 'Drama', '/m/0219x_': 'Indie'}",2008.0,1,0,1,1
1331395,1167380.1250868656,95.0,"{'/m/06n90': 'Science Fiction', '/m/0gw5w78': 'Gangster Film', '/m/03k9fj': 'Adventure', '/m/03btsm8': 'Action/Adventure', '/m/01z4y': 'Comedy', '/m/02kdv5l': 'Action'}",2002.0,1,0,1,2
33276254,37278884.05870221,103.0,{'/m/02kdv5l': 'Action'},2012.0,1,0,1,1
29609480,111719661.40261416,88.0,"{'/m/03k9fj': 'Adventure', '/m/0hqxf': 'Family Film', '/m/01z4y': 'Comedy', '/m/0hcr': 'Animation'}",2012.0,0,0,1,1
5203014,212706.40271127768,91.0,"{'/m/06cvj': 'Romantic comedy', '/m/02l7c8': 'Romance Film', '/m/01z4y': 'Comedy'}",1993.0,1,1,1,1
21678052,94736805.9394283,124.0,"{'/m/01jfsb': 'Thriller', '/m/06n90': 'Science Fiction', '/m/03gq4d1': 'Vampire movies', '/m/03npn': 'Horror', '/m/03k9fj': 'Adventure', '/m/01hmnh': 'Fantasy', '/m/060__y': 'Film adaptation', '/m/07s9rl0': 'Drama', '/m/068d7h': 'Romantic drama', '/m/02l7c8': 'Romance Film'}",2010.0,0,0,1,1
12752776,11943595.940014634,90.0,"{'/m/03k9fj': 'Adventure', '/m/0hj3myq': ""Children's/Family"", '/m/0hcr': 'Animation', '/m/01hmnh': 'Fantasy', '/m/01z4y': 'Comedy', '/m/0hqxf': 'Family Film', '/m/0hj3myc': ""Children's Fantasy""}",2008.0,1,0,1,2
591310,3695127.8510746844,93.0,"{'/m/0g092b': 'Monster movie', '/m/03npn': 'Horror', '/m/0hj3m_q': 'Creature Film', '/m/0fdjb': 'Supernatural'}",1990.0,1,0,1,1
31795894,17897780.94966222,97.0,"{'/m/02l7c8': 'Romance Film', '/m/07s9rl0': 'Drama', '/m/04t36': 'Musical', '/m/04dn71w': 'Dance'}",2012.0,0,0,1,1
461353,2723894.879048697,126.0,"{'/m/0fx2s': 'Tragedy', '/m/07s9rl0': 'Drama', '/m/09blyk': 'Psychological thriller', '/m/060__y': 'Film adaptation'}",2003.0,0,0,2,1
735240,4512424.479617047,100.0,"{'/m/03k9fj': 'Adventure', '/m/0hj3myq': ""Children's/Family"", '/m/03btsm8': 'Action/Adventure', '/m/01z4y': 'Comedy', '/m/0hqxf': 'Family Film', '/m/02kdv5l': 'Action', '/m/0hj3n26': 'Family-Oriented Adventure', '/m/0bkbm': 'Spy'}",2004.0,0,0,1,2
20161466,6114548.56619072,94.0,"{'/m/01jfsb': 'Thriller', '/m/0hj3l_y': 'Action Comedy', '/m/03btsm8': 'Action/Adventure', '/m/04t2t': 'Martial Arts Film', '/m/01z4y': 'Comedy', '/m/0hqxf': 'Family Film', '/m/02kdv5l': 'Action', '/m/0bkbm': 'Spy'}",2010.0,0,0,2,1
29370106,20830537.89035555,98.0,"{'/m/04rlf': 'Music', '/m/0hqxf': 'Family Film', '/m/0bj8m2': ""Children's"", '/m/01z4y': 'Comedy', '/m/04t36': 'Musical'}",2011.0,1,0,1,1
709419,26261646.439159974,92.0,"{'/m/01z02hx': 'Sports', '/m/0hj3n0w': 'Ensemble Film', '/m/01z4y': 'Comedy'}",2004.0,0,0,2,2
4093538,64920.24864619073,128.0,"{'/m/06cvj': 'Romantic comedy', '/m/015w9s': 'Television movie', '/m/04xvh5': 'Costume drama', '/m/04xvlr': 'Period piece', '/m/07s9rl0': 'Drama', '/m/01z4y': 'Comedy', '/m/060__y': 'Film adaptation', '/m/068d7h': 'Romantic drama', '/m/02l7c8': 'Romance Film'}",2006.0,0,0,1,2
67417,32999321.79065208,103.0,"{'/m/01jfsb': 'Thriller', '/m/03btsm8': 'Action/Adventure', '/m/02kdv5l': 'Action', '/m/04t2t': 'Martial Arts Film'}",1992.0,0,0,1,2
6321630,4740749.335678883,105.0,"{'/m/06cvj': 'Romantic comedy', '/m/01t_vv': 'Comedy-drama', '/m/07s9rl0': 'Drama', '/m/01z4y': 'Comedy', '/m/068d7h': 'Romantic drama', '/m/02l7c8': 'Romance Film', '/m/0hj3n0k': 'Domestic Comedy'}",1991.0,1,0,1,1
1644192,10678126.773634823,109.0,"{'/m/01jfsb': 'Thriller', '/m/0fdjb': 'Supernatural', '/m/09blyk': 'Psychological thriller', '/m/02n4kr': 'Mystery', '/m/01hmnh': 'Fantasy', '/m/01z4y': 'Comedy'}",2006.0,1,0,1,1
2198940,2531856.6377111883,95.0,"{'/m/0bbc17': 'Gross out', '/m/01jw2w': 'Gross-out film', '/m/01z4y': 'Comedy', '/m/09q17': 'Slapstick'}",1996.0,1,0,1,1
14733483,32018907.722506713,106.0,"{'/m/01jfsb': 'Thriller', '/m/07s9rl0': 'Drama', '/m/06n90': 'Science Fiction', '/m/0jdm8': 'Remake', '/m/094ddt': 'Doomsday film'}",2008.0,0,0,2,2
7570243,3247612.1101650908,177.0,"{'/m/06n90': 'Science Fiction', '/m/02kdv5l': 'Action', '/m/07s9rl0': 'Drama', '/m/03k9fj': 'Adventure'}",1997.0,0,0,1,1
31422455,4652710.376805582,108.0,{'/m/01z4y': 'Comedy'},2011.0,1,0,1,1
1278589,3251859.897978587,120.0,"{'/m/01jfsb': 'Thriller', '/m/03btsm8': 'Action/Adventure', '/m/0cq22f9': 'Action Thrillers', '/m/02kdv5l': 'Action', '/m/07s9rl0': 'Drama'}",2006.0,0,0,2,1
52389,154125797.58575067,153.0,"{'/m/01jfsb': 'Thriller', '/m/03btsm8': 'Action/Adventure', '/m/06n90': 'Science Fiction', '/m/02kdv5l': 'Action'}",1996.0,0,0,1,1
171545,3660719.984736786,133.0,"{'/m/04p5fxn': 'Christian film', '/m/07s9rl0': 'Drama', '/m/0219x_': 'Indie'}",1997.0,0,0,1,1
12580152,3148622.9112315564,120.0,"{'/m/01jfsb': 'Thriller', '/m/02l7c8': 'Romance Film', '/m/07s9rl0': 'Drama', '/m/01z4y': 'Comedy', '/m/03k9fj': 'Adventure'}",2011.0,0,0,2,1
3640544,1022769.7469648911,103.0,"{'/m/04xvh5': 'Costume drama', '/m/04xvlr': 'Period piece', '/m/07s9rl0': 'Drama', '/m/060__y': 'Film adaptation', '/m/068d7h': 'Romantic drama', '/m/02l7c8': 'Romance Film'}",1995.0,0,1,1,3
18445420,343001.7341996953,70.0,"{'/m/03k9fj': 'Adventure', '/m/01zhp': 'Computer Animation', '/m/0hcr': 'Animation', '/m/01hmnh': 'Fantasy', '/m/01z4y': 'Comedy', '/m/0hqxf': 'Family Film'}",2009.0,0,0,1,1
2236976,9311233.60676723,114.0,"{'/m/0hj3mxx': 'Childhood Drama', '/m/03rzvv': 'Romantic fantasy', '/m/07s9rl0': 'Drama', '/m/04rlf': 'Music', '/m/02l7c8': 'Romance Film', '/m/02wtdkf': 'Musical Drama'}",2007.0,0,0,1,1
2390149,3991956.890060241,86.0,"{'/m/0lsxr': 'Crime Fiction', '/m/0gw5w78': 'Gangster Film', '/m/0hj3m_x': 'Crime Comedy', '/m/01z4y': 'Comedy', '/m/09q17': 'Slapstick'}",2001.0,1,0,1,1
415156,45617989.70201528,124.0,"{'/m/0lsxr': 'Crime Fiction', '/m/01jfsb': 'Thriller', '/m/02kdv5l': 'Action', '/m/03k9fj': 'Adventure', '/m/03btsm8': 'Action/Adventure'}",2002.0,0,0,5,1
25491,96171415.2988541,100.0,"{'/m/0gf28': 'Parody', '/m/0gsy3b': 'Sex comedy', '/m/03npn': 'Horror', '/m/06n90': 'Science Fiction', '/m/01q03': 'Cult', '/m/04t36': 'Musical', '/m/01z4y': 'Comedy', '/m/0hj3n7f': 'Horror Comedy'}",1975.0,0,0,1,2
23966679,2530130.1733500524,113.0,"{'/m/06n90': 'Science Fiction', '/m/0gw5n2f': 'Japanese Movies', '/m/03k9fj': 'Adventure', '/m/0hcr': 'Animation', '/m/0jxy': 'Anime', '/m/01z4y': 'Comedy', '/m/02l7c8': 'Romance Film', '/m/02kdv5l': 'Action'}",2009.0,0,0,1,1
2793610,30094859.0829234,135.0,"{'/m/06cvj': 'Romantic comedy', '/m/02l7c8': 'Romance Film', '/m/01t_vv': 'Comedy-drama', '/m/01z4y': 'Comedy'}",2006.0,0,0,1,1
4338749,9911192.415010422,96.0,"{'/m/01jfsb': 'Thriller', '/m/03k9fj': 'Adventure', '/m/03btsm8': 'Action/Adventure', '/m/01z4y': 'Comedy', '/m/02kdv5l': 'Action', '/m/0bkbm': 'Spy'}",2002.0,0,0,3,1
16102322,738516.2601626014,98.0,"{'/m/0lsxr': 'Crime Fiction', '/m/01jfsb': 'Thriller', '/m/0gw5w78': 'Gangster Film', '/m/0219x_': 'Indie', '/m/01t_vv': 'Comedy-drama', '/m/01z4y': 'Comedy', '/m/02wtdps': 'Crime Thriller'}",2000.0,0,0,1,1
1498491,54977.59112893225,145.0,"{'/m/01jfsb': 'Thriller', '/m/0hj3n0w': 'Ensemble Film', '/m/06n90': 'Science Fiction', '/m/01t_vv': 'Comedy-drama', '/m/01hmnh': 'Fantasy', '/m/01z4y': 'Comedy', '/m/07s9rl0': 'Drama', '/m/0vgkd': 'Black comedy'}",2006.0,0,0,1,3
28084941,13613.244105285128,82.0,"{'/m/06n90': 'Science Fiction', '/m/03npn': 'Horror', '/m/03q4nz': 'World cinema', '/m/02n4kr': 'Mystery', '/m/01hmnh': 'Fantasy', '/m/01z4y': 'Comedy', '/m/07s9rl0': 'Drama', '/m/0vgkd': 'Black comedy'}",2010.0,0,0,2,2
29471340,19382711.108114425,97.0,"{'/m/01zhp': 'Computer Animation', '/m/0hqxf': 'Family Film', '/m/01z4y': 'Comedy', '/m/0hj3n6r': 'Holiday Film', '/m/0hcr': 'Animation'}",2011.0,0,0,1,2
10249080,12306102.359542934,128.0,"{'/m/04t36': 'Musical', '/m/017fp': 'Biography', '/m/07s9rl0': 'Drama', '/m/03bxz7': 'Biographical film', '/m/03q4nz': 'World cinema'}",2007.0,0,1,2,3
5085987,3180636.4899235573,96.0,"{'/m/04xvh5': 'Costume drama', '/m/02h8pkk': 'Family Drama', '/m/01j1n2': 'Coming of age', '/m/060__y': 'Film adaptation', '/m/07s9rl0': 'Drama', '/m/01hmnh': 'Fantasy', '/m/02l7c8': 'Romance Film', '/m/0hqxf': 'Family Film', '/m/02b5_l': 'Teen'}",2002.0,1,0,1,1
24544387,880426.8351707446,103.0,"{'/m/06cvj': 'Romantic comedy', '/m/02l7c8': 'Romance Film', '/m/01z4y': 'Comedy'}",1989.0,0,0,1,1
2331662,12202886.143204607,93.0,"{'/m/01jfsb': 'Thriller', '/m/02n4kr': 'Mystery', '/m/03npn': 'Horror'}",2005.0,0,0,9,1
1033477,4715270.200432366,102.0,"{'/m/01jfsb': 'Thriller', '/m/06n90': 'Science Fiction', '/m/03npn': 'Horror', '/m/0cq22z7': 'Sci-Fi Horror', '/m/09blyk': 'Psychological thriller', '/m/07s9rl0': 'Drama'}",2004.0,0,0,1,2
1305939,7173134.620973952,92.0,"{'/m/07s9rl0': 'Drama', '/m/01j1n2': 'Coming of age', '/m/02l7c8': 'Romance Film', '/m/0556j8': 'Buddy film', '/m/01z4y': 'Comedy'}",2003.0,1,1,1,1
7003043,8503.961482394865,96.0,"{'/m/06cvj': 'Romantic comedy', '/m/0hn10': 'LGBT', '/m/02l7c8': 'Romance Film', '/m/01z4y': 'Comedy', '/m/0219x_': 'Indie'}",2007.0,1,0,1,1
23614710,73662879.8923898,93.0,"{'/m/0lsxr': 'Crime Fiction', '/m/03k9fj': 'Adventure', '/m/04pbhw': 'Superhero movie', '/m/01zhp': 'Computer Animation', '/m/0hj3myq': ""Children's/Family"", '/m/0btmb': 'Superhero', '/m/0hcr': 'Animation', '/m/01hmnh': 'Fantasy', '/m/01z4y': 'Comedy', '/m/0hqxf': 'Family Film', '/m/0hj3n26': 'Family-Oriented Adventure'}",2010.0,1,0,1,1
1620539,8919043.268559856,97.0,"{'/m/03btsm8': 'Action/Adventure', '/m/04btyz': 'Heist', '/m/02kdv5l': 'Action', '/m/0556j8': 'Buddy film', '/m/01z4y': 'Comedy'}",1997.0,1,0,2,1
25400635,6557880.400631952,154.0,"{'/m/07s9rl0': 'Drama', '/m/01z4y': 'Comedy'}",2010.0,0,0,1,1
30548208,15112787.769248728,104.0,"{'/m/017fp': 'Biography', '/m/07s9rl0': 'Drama'}",2011.0,0,1,1,2
598868,9961345.462581344,107.0,"{'/m/06n90': 'Science Fiction', '/m/0219x_': 'Indie', '/m/03q4nz': 'World cinema', '/m/094ddt': 'Doomsday film', '/m/0hc1z': 'Apocalyptic and post-apocalyptic fiction', '/m/02kdv5l': 'Action'}",1985.0,0,0,1,3
5726392,638758.4757191293,109.0,"{'/m/0lsxr': 'Crime Fiction', '/m/02wtdps': 'Crime Thriller', '/m/02kdv5l': 'Action', '/m/07s9rl0': 'Drama'}",1995.0,0,0,1,2
9985703,2959784.9916698043,118.0,"{'/m/06cvj': 'Romantic comedy', '/m/03q4nz': 'World cinema', '/m/07s9rl0': 'Drama', '/m/01z4y': 'Comedy', '/m/068d7h': 'Romantic drama', '/m/02l7c8': 'Romance Film'}",2001.0,0,0,1,1
15352210,4053151.602048282,129.0,"{'/m/03bxz7': 'Biographical film', '/m/07s9rl0': 'Drama', '/m/03mqtr': 'Political drama', '/m/0gw5qqq': 'Chinese Movies', '/m/0hj3mws': 'Biopic [feature]'}",2008.0,0,0,2,5
19271127,283121.6540736564,105.0,"{'/m/01jfsb': 'Thriller', '/m/0cq22f9': 'Action Thrillers', '/m/0hj3mxr': 'Chase Movie', '/m/03btsm8': 'Action/Adventure', '/m/0c3351': 'Suspense', '/m/02qfv5d': 'Political thriller', '/m/02kdv5l': 'Action'}",2009.0,1,0,1,1
2233996,772717.5833019578,202.0,"{'/m/01fc50': 'Anti-war', '/m/03k9fj': 'Adventure', '/m/0hj3n96': 'Jungle Film', '/m/06l3bl': 'Epic', '/m/03btsm8': 'Action/Adventure', '/m/07s9rl0': 'Drama', '/m/082gq': 'War film', '/m/02kdv5l': 'Action', '/m/07k67c': 'Anti-war film'}",2001.0,0,0,2,1
4303794,36703.56405274689,95.0,"{'/m/06cvj': 'Romantic comedy', '/m/0219x_': 'Indie', '/m/01t_vv': 'Comedy-drama', '/m/07s9rl0': 'Drama', '/m/01z4y': 'Comedy', '/m/0vgkd': 'Black comedy', '/m/02l7c8': 'Romance Film'}",2006.0,1,0,1,1
948784,836456.6077748494,86.0,"{'/m/06cvj': 'Romantic comedy', '/m/03k9fj': 'Adventure', '/m/04228s': 'Road movie', '/m/01jw2w': 'Gross-out film', '/m/07s9rl0': 'Drama', '/m/01z4y': 'Comedy', '/m/0bbc17': 'Gross out', '/m/02l7c8': 'Romance Film', '/m/02b5_l': 'Teen'}",2001.0,1,0,1,1
422269,31528711.84825043,149.0,"{'/m/01jfsb': 'Thriller', '/m/02n4kr': 'Mystery', '/m/06n90': 'Science Fiction', '/m/07s9rl0': 'Drama', '/m/060__y': 'Film adaptation'}",1997.0,0,0,4,1
2795282,1927547.9915770893,100.0,"{'/m/01jfsb': 'Thriller', '/m/0lsxr': 'Crime Fiction', '/m/06n90': 'Science Fiction', '/m/02kdv5l': 'Action', '/m/060__y': 'Film adaptation'}",1984.0,0,0,1,1
4560,41031056.26189434,175.0,"{'/m/017fp': 'Biography', '/m/03k9fj': 'Adventure', '/m/03g3w': 'History', '/m/082gq': 'War film', '/m/03btsm8': 'Action/Adventure', '/m/04xvlr': 'Period piece', '/m/07s9rl0': 'Drama', '/m/04xvh5': 'Costume drama', '/m/02kdv5l': 'Action'}",1995.0,0,0,4,1
5752544,26541051.35611021,115.0,"{'/m/0hn10': 'LGBT', '/m/06cvj': 'Romantic comedy', '/m/0gsy3b': 'Sex comedy', '/m/0556j8': 'Buddy film', '/m/06qm3': 'Screwball comedy', '/m/01z4y': 'Comedy'}",2007.0,1,0,1,1
5579762,109614.19004065037,99.0,"{'/m/0lsxr': 'Crime Fiction', '/m/0hj3n0w': 'Ensemble Film', '/m/0hj3m_x': 'Crime Comedy', '/m/0219x_': 'Indie', '/m/01t_vv': 'Comedy-drama', '/m/07s9rl0': 'Drama', '/m/0gw5w78': 'Gangster Film', '/m/0hj3mz5': 'Comedy of Errors'}",2000.0,0,0,1,1
5842075,1937748.3755942946,119.0,"{'/m/0556j8': 'Buddy film', '/m/03k9fj': 'Adventure', '/m/01hwc6': 'Absurdism', '/m/04228s': 'Road movie', '/m/0424mc': 'Experimental film', '/m/01q03': 'Cult', '/m/07s9rl0': 'Drama', '/m/01z4y': 'Comedy', '/m/0vgkd': 'Black comedy', '/m/0k345': 'Avant-garde'}",1998.0,1,0,1,1
18305011,950928.3991805613,74.0,"{'/m/03btsm8': 'Action/Adventure', '/m/04pbhw': 'Superhero movie', '/m/0hcr': 'Animation'}",2009.0,1,1,1,1
29462138,25262378.42865321,104.0,"{'/m/02l7c8': 'Romance Film', '/m/07s9rl0': 'Drama'}",2012.0,0,1,1,6
6399993,29515394.251341272,140.0,"{'/m/0lsxr': 'Crime Fiction', '/m/01jfsb': 'Thriller', '/m/0gw5w78': 'Gangster Film', '/m/02p0szs': 'Historical fiction', '/m/07s9rl0': 'Drama', '/m/060__y': 'Film adaptation', '/m/03bxz7': 'Biographical film'}",2009.0,1,0,1,1
143812,1876745.2536395015,98.0,"{'/m/06cvj': 'Romantic comedy', '/m/0hn10': 'LGBT', '/m/0hj3mz5': 'Comedy of Errors', '/m/02l7c8': 'Romance Film', '/m/01z4y': 'Comedy'}",1999.0,0,0,1,2
2019025,7533124.776572667,104.0,"{'/m/06cvj': 'Romantic comedy', '/m/06qm3': 'Screwball comedy', '/m/02n4kr': 'Mystery', '/m/07s9rl0': 'Drama', '/m/01z4y': 'Comedy', '/m/02l7c8': 'Romance Film', '/m/0hj3n34': 'Feminist Film'}",1985.0,0,0,1,1
11840982,7240.656624706635,87.0,"{'/m/0gf28': 'Parody', '/m/0l4h_': 'Mockumentary', '/m/06nbt': 'Satire', '/m/01z4y': 'Comedy', '/m/0219x_': 'Indie'}",2005.0,0,0,1,1
2311219,19741573.50710476,164.0,"{'/m/01jfsb': 'Thriller', '/m/01f9r0': 'Docudrama', '/m/01z02hx': 'Sports', '/m/04xvlr': 'Period piece', '/m/07s9rl0': 'Drama', '/m/02qfv5d': 'Political thriller', '/m/0bkbm': 'Spy', '/m/03mqtr': 'Political drama', '/m/01xpvb7': 'Airplanes and airports'}",2005.0,0,0,8,3
142447,57886915.22370468,139.0,"{'/m/06cvj': 'Romantic comedy', '/m/0hn10': 'LGBT', '/m/0clz1b': 'Slice of life story', '/m/01t_vv': 'Comedy-drama', '/m/07s9rl0': 'Drama', '/m/01z4y': 'Comedy', '/m/02l7c8': 'Romance Film'}",1997.0,0,0,1,1
1038386,6099244.349593494,95.0,"{'/m/02h8pkk': 'Family Drama', '/m/0hj3myq': ""Children's/Family"", '/m/09n5t_': 'Americana', '/m/0hj3mtj': 'Animal Picture', '/m/0hj3mxx': 'Childhood Drama', '/m/04xvlr': 'Period piece', '/m/01j1n2': 'Coming of age', '/m/060__y': 'Film adaptation', '/m/07s9rl0': 'Drama', '/m/0hqxf': 'Family Film'}",2000.0,0,0,2,1
2045991,7295901.2920266865,102.0,"{'/m/0lsxr': 'Crime Fiction', '/m/0hj3n0w': 'Ensemble Film', '/m/0219x_': 'Indie', '/m/01t_vv': 'Comedy-drama', '/m/04xvlr': 'Period piece', '/m/01j1n2': 'Coming of age', '/m/01z4y': 'Comedy', '/m/07s9rl0': 'Drama', '/m/02l7c8': 'Romance Film', '/m/02b5_l': 'Teen'}",1995.0,1,1,1,1
652539,58012955.16274472,86.0,"{'/m/01jfsb': 'Thriller', '/m/0lsxr': 'Crime Fiction', '/m/0556j8': 'Buddy film', '/m/0hj3l_y': 'Action Comedy', '/m/03btsm8': 'Action/Adventure', '/m/04t2t': 'Martial Arts Film', '/m/01z4y': 'Comedy', '/m/02kdv5l': 'Action', '/m/0gw5qqq': 'Chinese Movies'}",2001.0,0,0,4,2
5969984,2721868.1659225407,108.0,"{'/m/01z02hx': 'Sports', '/m/01hmnh': 'Fantasy', '/m/01z4y': 'Comedy'}",1997.0,0,0,1,1
7330661,6929149.990905709,93.0,"{'/m/0bwgnb': 'Christmas movie', '/m/0hqxf': 'Family Film', '/m/01z4y': 'Comedy'}",2006.0,1,0,1,1
172577,14297142.239592297,99.0,"{'/m/0lsxr': 'Crime Fiction', '/m/0hj3mtj': 'Animal Picture', '/m/0hj3msd': 'Adventure Comedy', '/m/01z4y': 'Comedy', '/m/03k9fj': 'Adventure'}",2003.0,1,0,1,2
334156,131445.47487280652,122.0,"{'/m/0lsxr': 'Crime Fiction', '/m/04xvlr': 'Period piece', '/m/02h8pkk': 'Family Drama', '/m/07s9rl0': 'Drama', '/m/03q4nz': 'World cinema'}",1997.0,0,0,4,2
17008751,2707749.8728657537,120.0,"{'/m/017fp': 'Biography', '/m/03k9fj': 'Adventure', '/m/04xvlr': 'Period piece', '/m/07s9rl0': 'Drama', '/m/02l7c8': 'Romance Film', '/m/03bxz7': 'Biographical film'}",2009.0,1,0,1,2
513090,6465312.975463833,89.0,"{'/m/0hj3n5y': 'Heaven-Can-Wait Fantasies', '/m/03k9fj': 'Adventure', '/m/0hj3myq': ""Children's/Family"", '/m/0hcr': 'Animation', '/m/01hmnh': 'Fantasy', '/m/04t36': 'Musical', '/m/07s9rl0': 'Drama', '/m/01z4y': 'Comedy', '/m/0hj3mtv': 'Animated Musical', '/m/04rlf': 'Music', '/m/0hqxf': 'Family Film', '/m/02kdv5l': 'Action', '/m/0hj3n26': 'Family-Oriented Adventure'}",1989.0,0,0,1,3
8816501,18668.519747326187,100.0,"{'/m/06n90': 'Science Fiction', '/m/01t_vv': 'Comedy-drama', '/m/02n4kr': 'Mystery', '/m/07s9rl0': 'Drama', '/m/0hj3n2_': 'Fantasy Drama', '/m/01hmnh': 'Fantasy'}",2007.0,0,1,1,1
18394730,67120706.87244764,98.0,"{'/m/03k9fj': 'Adventure', '/m/01zhp': 'Computer Animation', '/m/0hcr': 'Animation', '/m/01hmnh': 'Fantasy', '/m/01z4y': 'Comedy', '/m/0hqxf': 'Family Film', '/m/02kdv5l': 'Action'}",2010.0,1,0,1,1
10507423,14657625.170449551,126.0,"{'/m/01jfsb': 'Thriller', '/m/0lsxr': 'Crime Fiction', '/m/09blyk': 'Psychological thriller', '/m/02n4kr': 'Mystery', '/m/07s9rl0': 'Drama', '/m/060__y': 'Film adaptation', '/m/02wtdps': 'Crime Thriller', '/m/02kdv5l': 'Action', '/m/03pgfj': 'New Hollywood'}",1976.0,0,0,1,1
4908352,4933045.547463516,98.0,"{'/m/01jfsb': 'Thriller', '/m/06n90': 'Science Fiction', '/m/03k9fj': 'Adventure', '/m/0fdjb': 'Supernatural', '/m/09blyk': 'Psychological thriller', '/m/02n4kr': 'Mystery', '/m/07s9rl0': 'Drama', '/m/060__y': 'Film adaptation', '/m/02l7c8': 'Romance Film'}",2002.0,1,0,1,1
23813973,29362080.83286137,124.0,"{'/m/06cvj': 'Romantic comedy', '/m/02l7c8': 'Romance Film', '/m/01z4y': 'Comedy'}",2010.0,1,0,1,1
168554,2199566.160520607,112.0,"{'/m/01jfsb': 'Thriller', '/m/0lsxr': 'Crime Fiction', '/m/03k9fj': 'Adventure', '/m/0cq22f9': 'Action Thrillers', '/m/03btsm8': 'Action/Adventure', '/m/07s9rl0': 'Drama', '/m/0hj3n1c': 'Escape Film', '/m/02kdv5l': 'Action'}",1985.0,0,0,1,2
31510744,11793876.752759498,101.0,"{'/m/02l7c8': 'Romance Film', '/m/07s9rl0': 'Drama'}",2012.0,0,0,1,1
30860835,49294143.80571287,83.0,"{'/m/03k9fj': 'Adventure', '/m/0hj3myq': ""Children's/Family"", '/m/01zhp': 'Computer Animation', '/m/0hcr': 'Animation', '/m/0bj8m2': ""Children's"", '/m/01z4y': 'Comedy', '/m/0hqxf': 'Family Film'}",2006.0,1,0,1,1
1946017,8385661.382904793,116.0,"{'/m/0hn10': 'LGBT', '/m/06ppq': 'Silent film', '/m/01lrrt': 'Melodrama', '/m/0219x_': 'Indie', '/m/03q4nz': 'World cinema', '/m/01g6gs': 'Black-and-white', '/m/07s9rl0': 'Drama', '/m/01z4y': 'Comedy', '/m/04gm78f': 'Medical fiction', '/m/068d7h': 'Romantic drama', '/m/02l7c8': 'Romance Film'}",2002.0,0,1,1,1
31724000,132283.72993438973,117.0,"{'/m/06cvj': 'Romantic comedy', '/m/02l7c8': 'Romance Film', '/m/07s9rl0': 'Drama', '/m/01z4y': 'Comedy'}",2011.0,0,0,1,1
18953471,31043221.39478177,104.0,"{'/m/02l7c8': 'Romance Film', '/m/01z4y': 'Comedy'}",2008.0,0,0,3,2
31899048,791564.4179016071,135.0,"{'/m/01jfsb': 'Thriller', '/m/01rbb': 'Crime', '/m/07s9rl0': 'Drama', '/m/01z4y': 'Comedy', '/m/02n4kr': 'Mystery'}",2012.0,0,0,1,1
710822,2846163.3710551476,92.0,"{'/m/04t36': 'Musical', '/m/0hqxf': 'Family Film', '/m/01hmnh': 'Fantasy', '/m/03k9fj': 'Adventure'}",1996.0,0,0,2,6
17916735,3718439.5211548605,106.0,"{'/m/0lsxr': 'Crime Fiction', '/m/0vgkd': 'Black comedy', '/m/07s9rl0': 'Drama', '/m/01z4y': 'Comedy'}",2009.0,1,0,1,1
49800,45883007.98475151,94.0,"{'/m/01jfsb': 'Thriller', '/m/0hj3n2k': 'Fantasy Adventure', '/m/0gw5n2f': 'Japanese Movies', '/m/03k9fj': 'Adventure', '/m/03btsm8': 'Action/Adventure', '/m/01hmnh': 'Fantasy', '/m/02kdv5l': 'Action'}",2001.0,0,0,1,4
2088328,7839556.518049092,107.0,"{'/m/07s9rl0': 'Drama', '/m/01t_vv': 'Comedy-drama', '/m/01j1n2': 'Coming of age', '/m/01z4y': 'Comedy'}",1984.0,1,0,1,1
165794,11765561.261603152,90.0,"{'/m/0hn10': 'LGBT', '/m/06cvj': 'Romantic comedy', '/m/02l7c8': 'Romance Film', '/m/01z4y': 'Comedy'}",1997.0,1,0,1,1
6369452,3053771.7071955134,106.0,"{'/m/06cvj': 'Romantic comedy', '/m/02l7c8': 'Romance Film', '/m/0gsy3b': 'Sex comedy', '/m/01z4y': 'Comedy'}",1997.0,0,0,1,1
3248340,86779509.58302855,90.0,"{'/m/03k9fj': 'Adventure', '/m/0hj3myq': ""Children's/Family"", '/m/01zhp': 'Computer Animation', '/m/0hcr': 'Animation', '/m/04t2t': 'Martial Arts Film', '/m/01z4y': 'Comedy', '/m/0hqxf': 'Family Film', '/m/02kdv5l': 'Action'}",2008.0,1,0,1,1
320496,12227794.374224234,91.0,"{'/m/0lsxr': 'Crime Fiction', '/m/0hj3m_x': 'Crime Comedy', '/m/0hj3n6r': 'Holiday Film', '/m/01q03': 'Cult', '/m/0bwgnb': 'Christmas movie', '/m/01z4y': 'Comedy', '/m/0vgkd': 'Black comedy'}",2003.0,1,0,1,2
10440670,5380.719336747136,100.0,"{'/m/0lsxr': 'Crime Fiction', '/m/07s9rl0': 'Drama', '/m/060__y': 'Film adaptation'}",2008.0,1,0,1,1
1644364,3913108.2407341134,137.0,"{'/m/01z02hx': 'Sports', '/m/07s9rl0': 'Drama', '/m/0219x_': 'Indie'}",1998.0,0,0,1,1
1385251,43187209.464860246,128.0,"{'/m/06cvj': 'Romantic comedy', '/m/0gsy3b': 'Sex comedy', '/m/02l7c8': 'Romance Film', '/m/01z4y': 'Comedy'}",2005.0,0,0,1,1
450634,9036326.60078728,124.0,"{'/m/02h8pkk': 'Family Drama', '/m/04xvlr': 'Period piece', '/m/01hmnh': 'Fantasy', '/m/01z4y': 'Comedy', '/m/07s9rl0': 'Drama', '/m/0hqxf': 'Family Film', '/m/026ny': 'Dystopia'}",1998.0,0,0,1,1
465470,39663524.57502172,100.0,"{'/m/04p5fxn': 'Christian film', '/m/03k9fj': 'Adventure', '/m/0hj3myq': ""Children's/Family"", '/m/04xvh5': 'Costume drama', '/m/06l3bl': 'Epic', '/m/0hcr': 'Animation', '/m/04t36': 'Musical', '/m/01hmnh': 'Fantasy', '/m/0hj3mtv': 'Animated Musical', '/m/07s9rl0': 'Drama', '/m/0hqxf': 'Family Film'}",1998.0,1,0,2,1
17733263,635800.5827846868,110.0,"{'/m/0hj3n0w': 'Ensemble Film', '/m/0219x_': 'Indie', '/m/01t_vv': 'Comedy-drama', '/m/04xvlr': 'Period piece', '/m/07s9rl0': 'Drama', '/m/01z4y': 'Comedy'}",2008.0,0,0,3,1
1897341,19742301.402501732,142.0,"{'/m/03g3w': 'History', '/m/03bxz7': 'Biographical film', '/m/07s9rl0': 'Drama', '/m/082gq': 'War film'}",2002.0,0,0,3,4
816862,17781407.322427277,121.0,"{'/m/06cvj': 'Romantic comedy', '/m/04xvh5': 'Costume drama', '/m/0bxg3': 'Fairy tale', '/m/04xvlr': 'Period piece', '/m/01hmnh': 'Fantasy', '/m/01z4y': 'Comedy', '/m/07s9rl0': 'Drama', '/m/068d7h': 'Romantic drama', '/m/02l7c8': 'Romance Film'}",1998.0,1,1,1,1
26279569,1345978.4854085317,93.0,"{'/m/06cvj': 'Romantic comedy', '/m/0219x_': 'Indie', '/m/01t_vv': 'Comedy-drama', '/m/02qyzxg': 'Mumblecore', '/m/07s9rl0': 'Drama', '/m/01z4y': 'Comedy', '/m/02l7c8': 'Romance Film'}",2010.0,0,0,1,1
2995062,548035.016052349,114.0,"{'/m/0gf28': 'Parody', '/m/0hj3n0w': 'Ensemble Film', '/m/0219x_': 'Indie', '/m/03p5xs': 'Comedy of manners', '/m/01t_vv': 'Comedy-drama', '/m/01j1n2': 'Coming of age', '/m/01z4y': 'Comedy', '/m/07s9rl0': 'Drama'}",1998.0,0,0,1,1
29384326,11250126.337491252,89.0,"{'/m/06n90': 'Science Fiction', '/m/03k9fj': 'Adventure', '/m/03btsm8': 'Action/Adventure', '/m/01z4y': 'Comedy', '/m/0hqxf': 'Family Film', '/m/02kdv5l': 'Action', '/m/0cq23f0': 'Sci-Fi Adventure'}",2011.0,1,0,1,1
3170260,56233.37601626014,104.0,"{'/m/01jfsb': 'Thriller', '/m/0219x_': 'Indie', '/m/04xvlr': 'Period piece', '/m/07s9rl0': 'Drama', '/m/068d7h': 'Romantic drama', '/m/02l7c8': 'Romance Film', '/m/03mqtr': 'Political drama'}",2000.0,0,0,1,1
6086631,1870373.4939024383,105.0,"{'/m/0lsxr': 'Crime Fiction', '/m/01z4y': 'Comedy'}",2000.0,1,0,1,2
381543,1363313.8226512084,118.0,"{'/m/01jfsb': 'Thriller', '/m/0219x_': 'Indie', '/m/03btsm8': 'Action/Adventure', '/m/02n4kr': 'Mystery', '/m/0hfjk': 'Western', '/m/02wtdps': 'Crime Thriller', '/m/03k9fj': 'Adventure'}",1995.0,0,0,1,1
13939322,2723.802602944314,88.0,"{'/m/01jfsb': 'Thriller', '/m/05p553': 'Comedy film', '/m/03npn': 'Horror'}",2005.0,0,0,1,1
3112136,38906.523169773885,88.0,"{'/m/07s9rl0': 'Drama', '/m/0hj3nby': 'Media Satire', '/m/01t_vv': 'Comedy-drama', '/m/01z4y': 'Comedy', '/m/0219x_': 'Indie'}",2006.0,0,1,1,1
22667247,804752.6000177128,138.0,"{'/m/01jfsb': 'Thriller', '/m/0cq22f9': 'Action Thrillers', '/m/03k9fj': 'Adventure', '/m/03q4nz': 'World cinema', '/m/03g3w': 'History', '/m/02p0szs': 'Historical fiction', '/m/03btsm8': 'Action/Adventure', '/m/04xvlr': 'Period piece', '/m/04t2t': 'Martial Arts Film', '/m/07s9rl0': 'Drama', '/m/02kdv5l': 'Action', '/m/0gw5qqq': 'Chinese Movies'}",2009.0,0,0,4,2
20072102,4933.4141765114655,110.0,"{'/m/0lsxr': 'Crime Fiction', '/m/04xvlr': 'Period piece', '/m/07s9rl0': 'Drama', '/m/0219x_': 'Indie'}",2002.0,0,0,1,1
872497,12396433.882418344,134.0,"{'/m/01jfsb': 'Thriller', '/m/02qvnvs': 'Swashbuckler films', '/m/03k9fj': 'Adventure', '/m/03g3w': 'History', '/m/060__y': 'Film adaptation', '/m/03btsm8': 'Action/Adventure', '/m/04xvlr': 'Period piece', '/m/0lsxr': 'Crime Fiction', '/m/04xvh5': 'Costume drama', '/m/07s9rl0': 'Drama', '/m/02l7c8': 'Romance Film', '/m/02kdv5l': 'Action'}",2002.0,0,0,1,3
16931947,1325460.0523530121,106.0,"{'/m/06n90': 'Science Fiction', '/m/01lrrt': 'Melodrama', '/m/0219x_': 'Indie', '/m/02h8pkk': 'Family Drama', '/m/01t_vv': 'Comedy-drama', '/m/07s9rl0': 'Drama', '/m/01z4y': 'Comedy', '/m/060__y': 'Film adaptation', '/m/0hqxf': 'Family Film'}",2007.0,1,0,1,1
3570614,56688.40213579852,101.0,"{'/m/06cvj': 'Romantic comedy', '/m/0hn10': 'LGBT', '/m/01t_vv': 'Comedy-drama', '/m/0d63kt': 'Gay', '/m/01q03': 'Cult', '/m/0bc42t_': 'Gay Interest', '/m/01z4y': 'Comedy', '/m/04tkhfk': 'Gay Themed', '/m/068d7h': 'Romantic drama', '/m/02l7c8': 'Romance Film'}",1996.0,0,0,1,2
2502451,1020095.2714742905,115.0,"{'/m/01jfsb': 'Thriller', '/m/0lsxr': 'Crime Fiction', '/m/07s9rl0': 'Drama', '/m/0gw5w78': 'Gangster Film', '/m/02wtdps': 'Crime Thriller'}",2005.0,0,0,3,3
1164535,20567553.843495928,94.0,"{'/m/0gsy3b': 'Sex comedy', '/m/03v6qx': 'Stoner film', '/m/03k9fj': 'Adventure', '/m/01z4y': 'Comedy'}",2000.0,0,0,1,1
1958425,14474312.776872199,86.0,"{'/m/01jfsb': 'Thriller', '/m/02kdv5l': 'Action', '/m/0c3351': 'Suspense', '/m/09blyk': 'Psychological thriller'}",2005.0,0,0,2,1
3333681,170941.47054689762,100.0,"{'/m/06cvj': 'Romantic comedy', '/m/0219x_': 'Indie', '/m/07s9rl0': 'Drama', '/m/01z4y': 'Comedy', '/m/068d7h': 'Romantic drama', '/m/02l7c8': 'Romance Film'}",2006.0,1,0,1,1
5483227,12016971.151019147,103.0,"{'/m/01jfsb': 'Thriller', '/m/0lsxr': 'Crime Fiction', '/m/01z4y': 'Comedy'}",2004.0,0,0,2,1
3136443,5524955.213414632,105.0,"{'/m/0lsxr': 'Crime Fiction', '/m/04btyz': 'Heist', '/m/016vh2': 'Caper story', '/m/03btsm8': 'Action/Adventure', '/m/01jfsb': 'Thriller', '/m/07s9rl0': 'Drama', '/m/02wtdps': 'Crime Thriller', '/m/02kdv5l': 'Action'}",2000.0,1,0,1,1
706803,17903298.444813617,125.0,"{'/m/02kdv5l': 'Action', '/m/07s9rl0': 'Drama'}",1997.0,0,0,1,1
1419414,1517615.1003397508,98.0,"{'/m/0lsxr': 'Crime Fiction', '/m/017fp': 'Biography', '/m/0gw5w78': 'Gangster Film', '/m/07s9rl0': 'Drama', '/m/0hj3mws': 'Biopic [feature]', '/m/02wtdps': 'Crime Thriller', '/m/03bxz7': 'Biographical film'}",2003.0,0,0,1,3
18149943,315448.80987307854,100.0,"{'/m/03k9fj': 'Adventure', '/m/0hj3myq': ""Children's/Family"", '/m/02h8pkk': 'Family Drama', '/m/0hj3mxx': 'Childhood Drama', '/m/07s9rl0': 'Drama', '/m/082gq': 'War film', '/m/0hqxf': 'Family Film', '/m/0hj3n26': 'Family-Oriented Adventure'}",1990.0,0,0,1,2
25187050,834666.2846156142,108.0,"{'/m/0219x_': 'Indie', '/m/0clz1b': 'Slice of life story', '/m/01t_vv': 'Comedy-drama', '/m/07s9rl0': 'Drama', '/m/01z4y': 'Comedy', '/m/02l7c8': 'Romance Film'}",2010.0,1,0,1,1
10088120,4000000.0,93.0,"{'/m/04t36': 'Musical', '/m/07s9rl0': 'Drama', '/m/01z4y': 'Comedy', '/m/0hj3mws': 'Biopic [feature]', '/m/03bxz7': 'Biographical film', '/m/0hqxf': 'Family Film'}",1955.0,0,0,1,1
2184458,3568494.436654576,116.0,"{'/m/0lsxr': 'Crime Fiction', '/m/0219x_': 'Indie', '/m/026v1nw': 'Hip hop movies', '/m/07s9rl0': 'Drama', '/m/04rlf': 'Music', '/m/02l7c8': 'Romance Film', '/m/02wtdkf': 'Musical Drama'}",2005.0,0,0,1,1
29075630,138863063.53398597,165.0,"{'/m/0lsxr': 'Crime Fiction', '/m/01jfsb': 'Thriller', '/m/02kdv5l': 'Action', '/m/07s9rl0': 'Drama'}",2012.0,0,0,1,2
31513300,525919.9709551103,116.0,"{'/m/06n90': 'Science Fiction', '/m/07s9rl0': 'Drama', '/m/01z4y': 'Comedy'}",2011.0,0,0,2,2
4730,65314689.72744175,122.0,"{'/m/01jfsb': 'Thriller', '/m/0lsxr': 'Crime Fiction', '/m/0556j8': 'Buddy film', '/m/04pbhw': 'Superhero movie', '/m/0hj3nbs': 'Master Criminal Films', '/m/0btmb': 'Superhero', '/m/03btsm8': 'Action/Adventure', '/m/01hmnh': 'Fantasy', '/m/02kdv5l': 'Action'}",1995.0,1,0,1,2
27070440,19869153.816809736,100.0,"{'/m/06cvj': 'Romantic comedy', '/m/02l7c8': 'Romance Film', '/m/01z4y': 'Comedy', '/m/0219x_': 'Indie'}",2011.0,0,0,3,2
633531,3840595.5884146327,127.0,"{'/m/01jfsb': 'Thriller', '/m/07s9rl0': 'Drama', '/m/0c3351': 'Suspense', '/m/03mqtr': 'Political drama'}",2000.0,0,0,1,4
3662683,2414578.6032408746,108.0,"{'/m/0cshrf': 'Political cinema', '/m/0gf28': 'Parody', '/m/05mrx8': 'Political satire', '/m/01z4y': 'Comedy', '/m/0hj3nby': 'Media Satire'}",2006.0,1,0,1,1
4476914,11064009.914155694,101.0,"{'/m/01jfsb': 'Thriller', '/m/02n4kr': 'Mystery', '/m/07s9rl0': 'Drama', '/m/0c3351': 'Suspense', '/m/09blyk': 'Psychological thriller'}",2007.0,0,0,1,1
1055089,2670428.858323494,98.0,"{'/m/06nbt': 'Satire', '/m/0gw5w78': 'Gangster Film', '/m/01z4y': 'Comedy'}",1994.0,1,0,1,1
2352397,1094554.526600802,122.0,"{'/m/07s9rl0': 'Drama', '/m/01t_vv': 'Comedy-drama', '/m/01z4y': 'Comedy'}",2006.0,1,1,1,1
1210303,34965218.675997436,121.0,"{'/m/01hmnh': 'Fantasy', '/m/03npn': 'Horror', '/m/02kdv5l': 'Action', '/m/07s9rl0': 'Drama', '/m/02n4kr': 'Mystery'}",2005.0,0,0,3,2
452017,7941416.109749763,151.0,"{'/m/0hn10': 'LGBT', '/m/0hj3n0w': 'Ensemble Film', '/m/0219x_': 'Indie', '/m/01t_vv': 'Comedy-drama', '/m/04xvlr': 'Period piece', '/m/07s9rl0': 'Drama', '/m/01z4y': 'Comedy'}",1997.0,1,0,1,1
846828,2321309.235316265,131.0,"{'/m/04rlf': 'Music', '/m/0hj3n16': 'Erotic Drama', '/m/07s9rl0': 'Drama'}",2001.0,0,0,2,3
26779875,4340891.239157005,105.0,"{'/m/06cvj': 'Romantic comedy', '/m/02l7c8': 'Romance Film', '/m/01z4y': 'Comedy', '/m/09q17': 'Slapstick'}",2010.0,1,1,1,1
1376896,2322750.0144013553,89.0,"{'/m/01z02hx': 'Sports', '/m/01z4y': 'Comedy'}",2001.0,0,0,1,1
820919,16521210.878524944,102.0,"{'/m/0gf28': 'Parody', '/m/03btsm8': 'Action/Adventure', '/m/0hj3msd': 'Adventure Comedy', '/m/01z4y': 'Comedy', '/m/02kdv5l': 'Action', '/m/09q17': 'Slapstick', '/m/0bkbm': 'Spy'}",1985.0,0,0,1,1
5813191,1100071.1910459797,97.0,"{'/m/01jfsb': 'Thriller', '/m/0lsxr': 'Crime Fiction', '/m/0hj3mzb': 'Comedy Thriller', '/m/02n4kr': 'Mystery', '/m/01z4y': 'Comedy', '/m/02wtdps': 'Crime Thriller', '/m/02kdv5l': 'Action'}",1989.0,1,0,1,1
4148551,909654.3482992452,91.0,"{'/m/0gf28': 'Parody', '/m/01hwc6': 'Absurdism', '/m/01jw2w': 'Gross-out film', '/m/01z4y': 'Comedy', '/m/0bbc17': 'Gross out', '/m/09q17': 'Slapstick'}",1995.0,0,0,1,2
11715286,571661.078598716,97.0,"{'/m/03btsm8': 'Action/Adventure', '/m/02kdv5l': 'Action', '/m/01z4y': 'Comedy'}",2008.0,1,0,1,1
163438,12825840.521905832,121.0,"{'/m/0lsxr': 'Crime Fiction', '/m/01jfsb': 'Thriller', '/m/0hj3mxr': 'Chase Movie', '/m/0cq22f9': 'Action Thrillers', '/m/02kdv5l': 'Action', '/m/0bkbm': 'Spy'}",1998.0,0,0,3,2
11779733,20031218.07120215,85.0,"{'/m/03k9fj': 'Adventure', '/m/0hj3mtj': 'Animal Picture', '/m/0bj8m2': ""Children's"", '/m/0hj3msd': 'Adventure Comedy', '/m/01z4y': 'Comedy', '/m/0hqxf': 'Family Film'}",2008.0,1,0,1,1
2698486,12783248.30391468,99.0,"{'/m/0hqxf': 'Family Film', '/m/01hmnh': 'Fantasy', '/m/01z4y': 'Comedy'}",2006.0,0,0,1,1
23295795,76450922.59925835,102.0,"{'/m/0556j8': 'Buddy film', '/m/01z4y': 'Comedy', '/m/01hwc6': 'Absurdism'}",2011.0,0,0,2,1
27995292,170521.26734265196,107.0,"{'/m/06cvj': 'Romantic comedy', '/m/068d7h': 'Romantic drama', '/m/02l7c8': 'Romance Film', '/m/07s9rl0': 'Drama', '/m/01z4y': 'Comedy'}",2011.0,1,0,1,1
29296535,202501.3714431314,94.0,"{'/m/02kdv5l': 'Action', '/m/03k9fj': 'Adventure'}",2012.0,0,0,1,1
2819995,77820.96837397398,111.0,"{'/m/01jfsb': 'Thriller', '/m/0219x_': 'Indie', '/m/07s9rl0': 'Drama', '/m/0c3351': 'Suspense', '/m/02wtdps': 'Crime Thriller', '/m/0vgkd': 'Black comedy'}",2007.0,1,0,1,1
5708633,25241.75085775702,87.0,"{'/m/07s9rl0': 'Drama', '/m/0hj3n0w': 'Ensemble Film', '/m/01t_vv': 'Comedy-drama', '/m/0219x_': 'Indie'}",2006.0,1,0,1,1
10016161,17140.69455948795,113.0,"{'/m/0lsxr': 'Crime Fiction', '/m/01jfsb': 'Thriller', '/m/0219x_': 'Indie', '/m/09blyk': 'Psychological thriller', '/m/02n4kr': 'Mystery', '/m/04xvlr': 'Period piece', '/m/0hj3nbk': 'Marriage Drama', '/m/07s9rl0': 'Drama', '/m/0c3351': 'Suspense', '/m/060__y': 'Film adaptation', '/m/02wtdps': 'Crime Thriller'}",2001.0,0,0,1,2
181601,7980237.327691826,117.0,"{'/m/01jfsb': 'Thriller', '/m/02kdv5l': 'Action', '/m/07s9rl0': 'Drama', '/m/03k9fj': 'Adventure'}",1997.0,0,0,1,1
1371113,2245200.647621989,105.0,"{'/m/0hn10': 'LGBT', '/m/06cvj': 'Romantic comedy', '/m/01t_vv': 'Comedy-drama', '/m/04xvlr': 'Period piece', '/m/07s9rl0': 'Drama', '/m/01z4y': 'Comedy', '/m/060__y': 'Film adaptation', '/m/068d7h': 'Romantic drama', '/m/02l7c8': 'Romance Film'}",2004.0,0,0,1,4
5393250,1326464.4659849063,123.0,"{'/m/04xvlr': 'Period piece', '/m/07s9rl0': 'Drama', '/m/03mqtr': 'Political drama'}",1995.0,0,0,1,2
20678521,1273817.2438923568,126.0,"{'/m/0lsxr': 'Crime Fiction', '/m/0gw5w78': 'Gangster Film', '/m/03q4nz': 'World cinema', '/m/07s9rl0': 'Drama', '/m/01z4y': 'Comedy', '/m/0hj3m_x': 'Crime Comedy'}",2006.0,0,0,1,1
740824,3617033.2392540737,105.0,"{'/m/01jfsb': 'Thriller', '/m/0gw5n2f': 'Japanese Movies', '/m/03k9fj': 'Adventure', '/m/03btsm8': 'Action/Adventure', '/m/0hfjk': 'Western', '/m/07s9rl0': 'Drama', '/m/02kdv5l': 'Action'}",1995.0,1,0,1,2
11244593,51540495.63411412,91.0,"{'/m/0hj3myq': ""Children's/Family"", '/m/01zhp': 'Computer Animation', '/m/04t36': 'Musical', '/m/0bj8m2': ""Children's"", '/m/07s9rl0': 'Drama', '/m/01z4y': 'Comedy', '/m/04rlf': 'Music', '/m/0hqxf': 'Family Film'}",2007.0,0,0,4,1
2134635,3107864.3148019454,101.0,"{'/m/03npn': 'Horror', '/m/01585b': 'Slasher'}",2002.0,1,0,1,4
975900,2340194.0308734938,98.0,"{'/m/01jfsb': 'Thriller', '/m/06n90': 'Science Fiction', '/m/03npn': 'Horror', '/m/03k9fj': 'Adventure', '/m/0fdjb': 'Supernatural', '/m/02kdv5l': 'Action', '/m/09zvmj': 'Space western'}",2001.0,0,0,1,1
160047,8093845.381097558,113.0,"{'/m/06cvj': 'Romantic comedy', '/m/07s9rl0': 'Drama', '/m/01z4y': 'Comedy', '/m/060__y': 'Film adaptation', '/m/04rlf': 'Music', '/m/02l7c8': 'Romance Film'}",2000.0,0,0,2,2
24083267,3268129.5469515845,102.0,"{'/m/0hj3n2s': 'Fantasy Comedy', '/m/01hmnh': 'Fantasy', '/m/03k9fj': 'Adventure', '/m/01z4y': 'Comedy'}",2011.0,1,0,1,1
